End,4497,666
Spikes,5686,750
Spikes,5642,730
Spikes,5620,732
Spikes,5436,699
Spikes,5260,729
Spikes,5239,729
Spikes,5011,641
Spikes,5000,642
Rock 2,5014,302
Rock 2,4996,369
Rock 2,5212,351
Rock 2,5185,390
Rock 2,5558,455
Rock 2,5602,413
Rock 2,5555,438
Rock 2,5583,422
Rock 2,5443,343
Rock 2,5441,408
Rock 2,5497,378
Rock 2,5419,440
Rock 2,5483,451
Rock 2,5323,416
Rock 2,5354,389
Rock 2,5353,446
Rock 2,5242,405
Rock 2,5635,448
Rock 2,5718,451
Rock 2,5714,398
Rock 2,5792,476
Rock 2,5675,485
Rock 2,5708,491
Rock 2,5708,541
Rock 2,5670,397
Rock 2,5644,252
Rock 2,5546,307
Rock 2,5508,332
Rock 2,5312,154
Rock 2,5246,312
Rock 2,5176,256
Rock 2,5321,251
Rock 2,5346,162
Rock 2,5349,199
Rock 2,5468,401
Rock 2,5433,302
Rock 2,5481,336
Rock 2,5319,339
Rock 2,5621,422
Rock 2,5682,473
Rock 2,5721,541
Rock 2,5678,539
Rock 2,5678,532
Rock 2,5660,527
Rock 2,5607,445
Rock 2,5535,398
Rock 2,5479,439
Rock 2,5513,434
Rock 2,5538,433
Rock 1,5593,462
Rock 1,5618,492
Rock 1,5627,486
Rock 1,5632,521
Rock 1,5602,516
Rock 1,5590,516
Rock 1,5583,491
Rock 1,5564,474
Rock 1,5572,482
Rock 1,5533,474
Rock 1,5533,474
Rock 1,5523,474
Rock 1,5501,473
Rock 1,4900,339
Rock 1,4903,379
Rock 1,5187,400
Rock 1,5104,358
Rock 1,5043,329
Rock 1,5030,333
Rock 1,5066,343
Rock 1,5131,397
Rock 1,5165,396
Rock 1,5288,437
Rock 1,5279,400
Rock 1,5412,427
Rock 1,5380,388
Rock 1,5408,422
Rock 1,5434,471
Rock 1,5452,477
Rock 1,5483,483
Rock 1,5469,456
Rock 1,5460,455
Rock 1,5436,446
Rock 1,5430,459
Rock 1,5403,471
Rock 1,5231,107
Rock 1,5091,195
Rock 1,5177,202
Rock 1,5171,97
Rock 1,5006,107
Rock 1,4926,214
Rock 1,4913,221
Rock 1,5373,375
Rock 1,5022,850
Rock 1,5377,475
Rock 1,5317,394
Rock 1,5410,411
Rock 1,5293,399
Rock 1,5293,370
Rock 1,5213,322
Rock 1,5307,451
Rock 1,5255,435
Rock 1,5214,425
Rock 1,5535,865
Rock 1,5476,842
Rock 1,5633,843
Rock 1,5737,852
Rock 1,5731,795
Rock 1,5755,772
Rock 1,5790,750
Rock 1,5765,749
Rock 1,5732,777
Rock 1,5743,777
Rock 1,5778,768
Rock 1,5737,750
Rock 1,5736,751
Rock 1,5720,754
Rock 1,5719,767
Rock 1,5652,900
Rock 1,5602,987
Rock 1,5362,898
Rock 1,5552,923
Rock 1,5500,787
Rock 1,5566,770
Rock 1,5553,794
Rock 1,5672,839
Rock 1,5649,796
Rock 1,5627,816
Rock 1,5610,834
Rock 1,5691,834
Rock 1,5706,810
Rock 1,5702,789
Rock 1,5695,791
Rock 1,5664,788
Rock 1,5648,770
Rock 1,5630,771
Rock 1,5681,865
Rock 1,5548,820
Rock 1,5526,807
Rock 1,5511,785
Rock 1,5585,757
Rock 1,5583,791
Rock 1,5603,773
Rock 1,5538,745
Rock 1,5539,802
Rock 1,5499,782
Rock 1,5492,838
Rock 1,5459,777
Rock 1,4984,705
Rock 1,4939,777
Rock 1,5143,754
Rock 1,5257,811
Rock 1,5465,859
Rock 1,5470,847
Rock 1,5606,812
Rock 1,5529,847
Rock 1,5487,756
Rock 1,5431,773
Rock 1,5490,762
Rock 1,5564,755
Rock 1,5536,804
Rock 1,5586,804
Rock 1,5531,798
Rock 1,5517,755
Rock 1,5508,730
Rock 1,5511,757
Rock 1,5555,735
Rock 1,5556,741
Rock 1,5587,750
Rock 1,5581,720
Rock 1,5576,706
Rock 1,5556,707
Rock 1,5527,709
Rock 1,5529,714
Rock 1,5499,707
Rock 1,5471,706
Rock 1,5427,780
Rock 1,5462,817
Rock 1,5465,819
Rock 1,5286,840
Rock 1,5151,827
Rock 1,5075,762
Rock 1,5160,861
Rock 1,5154,866
Rock 1,5403,816
Rock 1,5377,760
Rock 1,5358,766
Rock 1,5316,740
Rock 1,5372,780
Rock 1,5331,818
Rock 1,5414,745
Rock 1,5411,786
Rock 1,5403,740
Rock 1,5436,740
Rock 1,5459,741
Rock 1,5470,718
Rock 1,5347,861
Rock 1,4940,710
Rock 1,5061,716
Rock 1,5128,733
Rock 1,5224,791
Rock 1,5338,792
Rock 1,5403,745
Rock 1,5401,731
Rock 1,5385,731
Rock 1,5322,718
Rock 1,5341,722
Rock 1,5134,666
Rock 1,5118,662
Rock 1,5366,730
Rock 1,5326,724
Rock 1,4673,672
Rock 1,4671,680
Rock 1,4682,660
Rock 1,4678,674
Rock 1,4662,686
Rock 1,5151,866
Rock 1,5091,843
Rock 1,4999,787
Rock 1,5023,765
Rock 1,4927,721
Rock 1,5154,782
Rock 1,5152,747
Rock 1,5114,793
Rock 1,5221,828
Rock 1,5313,775
Rock 1,5297,730
Rock 1,5335,728
Rock 1,5300,722
Rock 1,5294,736
Rock 1,5294,763
Rock 1,5268,770
Rock 1,5237,768
Rock 1,5114,842
Rock 1,4887,733
Rock 1,5023,770
Rock 1,5094,762
Rock 1,5047,729
Rock 1,5156,720
Rock 1,5206,756
Rock 1,5202,738
Rock 1,5206,707
Rock 1,5104,746
Rock 1,5128,718
Rock 1,5199,692
Rock 1,5182,691
Rock 1,5159,690
Rock 1,5158,675
Rock 1,5151,671
Rock 1,5146,669
Rock 1,5122,670
Rock 1,5056,729
Rock 1,5122,713
Rock 1,5014,711
Rock 1,4913,667
Rock 1,4911,711
Rock 1,4996,713
Rock 1,5003,741
Rock 2,4853,676
Rock 2,4846,655
Rock 2,4903,667
Rock 2,4864,692
Rock 2,5080,696
Rock 2,5050,673
Rock 2,5097,667
Rock 2,5096,658
Rock 2,5074,657
Rock 2,5267,368
Rock 2,5188,271
Rock 2,5343,268
Rock 2,5359,311
Rock 2,5514,377
Rock 2,5313,363
Rock 2,5342,363
Rock 2,5348,439
Rock 2,5383,429
Rock 2,5353,479
Rock 2,5328,478
Rock 2,5306,484
Rock 2,5313,338
Rock 2,5170,372
Rock 2,5243,383
Rock 2,5298,452
Rock 2,5218,442
Rock 2,5219,426
Rock 2,5075,390
Rock 2,5194,337
Rock 2,5035,378
Rock 2,5070,391
Rock 2,5188,433
Rock 2,4826,670
Rock 2,4879,678
Rock 2,4901,657
Rock 2,4939,700
Rock 2,4979,737
Rock 2,4931,664
Rock 2,4837,658
Rock 2,4896,647
Rock 2,5043,697
Rock 2,5044,664
Rock 2,5017,682
Rock 2,4995,680
Rock 2,4973,677
Rock 2,4970,650
Rock 2,4966,633
Rock 2,4945,630
Rock 2,4915,635
Rock 2,4891,633
Rock 2,4862,630
Rock 2,4832,634
Rock 2,5253,468
Rock 2,5239,470
Rock 2,5274,480
Rock 2,5218,462
Rock 2,5191,451
Rock 2,5167,444
Rock 2,5135,443
Rock 2,4931,229
Rock 2,5035,264
Rock 2,5231,242
Rock 2,5124,293
Rock 2,5124,293
Rock 2,5255,396
Rock 2,5153,410
Rock 2,5146,345
Rock 2,5091,325
Rock 2,5124,388
Rock 2,5110,433
Rock 2,5105,418
Rock 2,5081,418
Rock 2,5033,411
Rock 2,5055,420
Rock 2,5009,410
Rock 2,5051,338
Rock 2,5101,328
Rock 2,4970,355
Rock 2,4963,396
Rock 2,4980,330
Rock 2,4948,346
Rock 2,4948,288
Rock 2,5040,319
Rock 2,5001,402
Rock 2,4980,414
Rock 2,4889,294
Rock 2,4857,364
Rock 2,5019,349
Rock 2,4932,371
Rock 2,4923,402
Rock 2,4991,406
Rock 2,4963,419
Rock 2,4951,432
Rock 2,4930,443
Rock 2,4919,452
Rock 2,4900,454
Rock 2,4865,389
Rock 2,4808,413
Rock 2,4897,398
Rock 2,4787,400
Rock 2,4860,403
Rock 2,4898,442
Rock 2,4870,459
Rock 1,4798,436
Rock 1,4846,438
Rock 1,4846,460
Rock 1,4826,469
Rock 1,4811,482
Rock 1,4795,488
Rock 1,4764,493
Rock 1,4733,493
Rock 1,4688,501
Rock 1,4673,501
Rock 1,4789,653
Rock 1,4837,673
Rock 1,4815,639
Rock 1,4767,635
Rock 1,4749,636
Rock 1,4719,639
Rock 1,4657,691
Rock 1,4637,713
Rock 1,4668,485
Enemy 1,3979,824
Point,4202,672
Point,4125,629
Point,3962,662
Point,3865,726
Point,3794,651
Point,3704,681
Point,3128,673
Point,3052,700
Point,3039,779
Mushroom,2551,855
Mushroom,2539,850
Mushroom,2796,789
Plant 2,4570,670
Plant 1,4363,687
Plant 1,3666,730
Invisible block,4051,764
Invisible block,4059,763
Invisible block,4025,762
Invisible block,3909,826
Invisible block,3903,826
Invisible block,3878,826
Rock 2,4762,449
Rock 2,4787,636
Rock 2,4742,727
Rock 2,4362,835
Rock 2,4354,819
Rock 2,4364,879
Rock 2,4760,152
Rock 2,4817,179
Rock 2,4772,72
Rock 2,4660,-14
Rock 2,4728,93
Rock 2,4732,120
Rock 2,4637,74
Rock 2,4585,86
Rock 2,4581,79
Rock 2,4619,68
Rock 2,4630,115
Rock 2,4681,191
Rock 2,4680,201
Rock 2,4762,269
Rock 2,4817,365
Rock 2,4767,379
Rock 2,4800,383
Rock 2,4818,459
Rock 2,4869,384
Rock 2,4831,301
Rock 2,4728,304
Rock 2,4696,431
Rock 2,4741,487
Rock 2,4710,337
Rock 2,4711,382
Rock 2,4681,410
Rock 2,4831,652
Rock 2,4807,660
Rock 2,4689,650
Rock 2,4728,666
Rock 2,4760,720
Rock 2,4733,769
Rock 2,4860,695
Rock 2,4808,768
Rock 2,4735,813
Rock 2,4800,712
Rock 2,4818,859
Rock 2,4553,739
Rock 2,4653,819
Rock 2,4566,786
Rock 2,4558,813
Rock 2,4591,895
Rock 2,4721,884
Rock 2,4613,951
Rock 2,4568,953
Rock 2,4440,886
Rock 2,4486,940
Rock 2,4474,997
Rock 2,4655,915
Rock 2,4474,899
Rock 2,4232,991
Rock 2,4321,975
Rock 2,4402,966
Rock 2,4350,847
Rock 2,4721,858
Rock 2,4695,816
Rock 2,4609,847
Rock 2,4506,828
Rock 2,4461,844
Rock 2,4495,880
Rock 2,4585,905
Rock 2,4648,891
Rock 2,4667,788
Rock 2,4640,793
Rock 2,4647,864
Rock 2,4746,325
Rock 2,4730,196
Rock 2,4660,218
Rock 2,4667,278
Rock 2,4673,325
Rock 2,4666,363
Rock 2,4665,406
Rock 2,4670,405
Rock 2,4678,326
Rock 2,4641,180
Rock 2,4642,170
Rock 2,4666,18
Rock 2,4681,66
Rock 2,4709,153
Rock 2,4746,40
Rock 2,4713,60
Rock 1,4632,121
Rock 1,4655,142
Rock 1,4718,166
Rock 1,4697,181
Rock 1,4713,189
Rock 1,4718,223
Rock 1,4738,280
Rock 1,4730,260
Rock 1,4676,153
Rock 1,4655,86
Rock 1,4708,503
Rock 1,4651,834
Rock 1,4617,844
Rock 1,4637,762
Rock 1,4382,854
Rock 1,4322,855
Rock 1,4294,865
Rock 1,4257,1031
Rock 1,3457,951
Rock 1,4543,829
Rock 1,4364,774
Rock 1,4323,804
Rock 1,4301,820
Rock 1,4289,927
Rock 1,4388,973
Rock 1,4767,309
Rock 1,4730,333
Rock 1,4722,336
Rock 1,4674,334
Rock 1,4681,361
Rock 1,4705,319
Rock 1,4734,366
Rock 1,4692,421
Rock 1,4738,487
Rock 1,4739,436
Rock 1,4765,389
Rock 1,4647,110
Rock 1,4607,96
Rock 1,4622,82
Rock 1,4650,62
Rock 1,4641,-32
Rock 1,4688,-99
Rock 1,4645,-73
Rock 1,4633,-100
Rock 1,4671,-35
Rock 1,4583,-4
Rock 1,4598,-11
Rock 1,4620,-38
Rock 1,4627,-84
Rock 1,4660,-14
Rock 1,4617,8
Rock 1,4572,-83
Rock 1,4585,-27
Rock 1,4593,-54
Rock 1,4614,37
Rock 1,4747,212
Rock 1,4581,-117
Rock 1,4581,-111
Rock 1,4556,-90
Rock 1,4552,-64
Rock 1,4557,-22
Rock 1,4550,-43
Rock 1,4546,-34
Rock 1,4593,107
Rock 1,4589,24
Rock 1,4582,40
Rock 1,4586,72
Rock 1,4597,115
Rock 1,4569,35
Rock 1,4564,25
Rock 1,4557,0
Rock 1,4587,74
Rock 1,4583,72
Rock 1,4594,142
Rock 1,4590,127
Rock 1,4629,157
Rock 1,4671,248
Rock 1,4652,197
Rock 1,4601,141
Rock 1,4612,161
Rock 1,4618,187
Rock 1,4663,222
Rock 1,4632,206
Rock 1,4633,208
Rock 1,4671,222
Rock 1,4660,185
Rock 1,4681,230
Rock 1,4683,263
Rock 1,4677,293
Rock 1,4674,312
Rock 1,4672,357
Rock 1,4682,361
Rock 1,4700,298
Rock 1,4732,397
Rock 1,4712,471
Rock 1,4683,486
Rock 1,4790,347
Rock 1,4774,481
Rock 1,4774,482
Rock 1,4739,651
Rock 1,4707,698
Rock 1,4697,705
Rock 1,4683,764
Rock 1,4627,773
Rock 1,4605,821
Rock 1,4550,883
Rock 1,4522,890
Rock 1,4445,824
Rock 1,4502,910
Rock 1,4435,854
Rock 1,4479,912
Rock 1,4390,892
Rock 1,4385,875
Rock 1,4556,813
Rock 1,4561,848
Rock 1,4524,810
Rock 1,4446,776
Rock 1,4442,787
Rock 1,4471,802
Rock 1,4467,824
Rock 1,4430,809
Rock 1,4415,787
Rock 1,4461,750
Rock 1,4449,757
Rock 1,4406,763
Rock 1,4406,763
Rock 1,4404,818
Rock 1,4370,810
Rock 1,4351,802
Rock 1,4374,777
Rock 1,4381,742
Rock 1,4347,744
Rock 1,4330,741
Rock 1,4301,768
Rock 1,4263,825
Rock 1,4245,844
Rock 1,4294,877
Rock 1,4341,918
Rock 1,4743,446
Rock 1,4773,457
Rock 1,4739,721
Rock 1,4668,379
Rock 1,4680,391
Rock 1,4684,394
Rock 1,4660,445
Rock 1,4680,411
Rock 1,4674,466
Rock 1,4663,425
Rock 1,4677,448
Rock 1,4651,465
Rock 1,4746,657
Rock 1,4747,653
Rock 1,4711,665
Rock 1,4711,722
Rock 1,4745,691
Rock 1,4689,670
Rock 1,4701,758
Rock 1,4681,727
Rock 1,4655,708
Rock 1,4689,777
Rock 1,4682,748
Rock 1,4649,734
Rock 1,4670,695
Rock 1,4644,492
Rock 1,4632,695
Rock 1,4302,752
Rock 1,4299,752
Rock 1,4292,841
Rock 1,4118,972
Rock 1,4209,938
Rock 1,4175,977
Rock 1,4213,1036
Rock 1,3413,1001
Rock 1,3363,1071
Rock 1,3911,1182
Rock 1,3820,1260
Rock 1,3433,1260
Rock 1,3497,1246
Rock 1,3484,1115
Rock 1,3573,1211
Rock 1,3766,1242
Rock 1,4171,1145
Rock 1,4053,1122
Rock 1,4260,1054
Rock 1,4278,1030
Rock 1,4202,962
Rock 1,4262,908
Rock 1,4264,784
Rock 1,4292,767
Rock 1,4336,804
Rock 1,4258,781
Rock 1,4246,818
Rock 1,4223,837
Rock 1,4202,856
Rock 1,4225,882
Rock 1,4184,895
Rock 1,4195,925
Rock 1,4240,906
Rock 1,4322,774
Rock 1,4423,748
Rock 1,4476,748
Rock 1,4494,800
Rock 1,4475,757
Rock 1,4480,767
Rock 1,4610,770
Rock 1,4517,770
Rock 1,4531,749
Rock 1,4556,751
Rock 1,4505,753
Rock 1,4554,756
Rock 1,4574,771
Rock 1,4593,745
Rock 1,4614,773
Rock 1,4628,734
Rock 1,4575,739
Grass rock 2,4598,714
Grass rock 2,4612,710
Grass rock 2,4575,714
Grass rock 2,4561,716
Grass rock 2,4538,718
Grass rock 2,4515,721
Grass rock 2,4446,725
Very big rock,5562,293
Very big rock,5767,332
Very big rock,5773,420
Very big rock,5723,757
Very big rock,5762,858
Very big rock,5660,927
Very big rock,5546,777
Very big rock,5634,821
Very big rock,5741,955
Very big rock,5555,973
Very big rock,5408,1301
Very big rock,5695,441
Very big rock,5614,792
Very big rock,5590,1041
Very big rock,5584,905
Very big rock,5626,1023
Very big rock,5460,996
Very big rock,5496,1235
Very big rock,5551,1146
Very big rock,5491,1041
Very big rock,5460,1130
Very big rock,5469,961
Very big rock,5546,842
Very big rock,5477,-247
Very big rock,5663,-234
Very big rock,5758,-307
Very big rock,5751,-232
Very big rock,5809,-214
Very big rock,5802,-104
Very big rock,5838,-112
Very big rock,5773,169
Very big rock,5764,90
Very big rock,5770,6
Very big rock,5676,-55
Very big rock,5678,-141
Very big rock,5656,-292
Very big rock,5587,-170
Very big rock,5563,-233
Very big rock,5521,-299
Very big rock,5520,-92
Very big rock,5576,-94
Very big rock,5569,-293
Very big rock,5392,-276
Very big rock,5508,-163
Very big rock,5436,-321
Very big rock,5412,-251
Very big rock,5398,-172
Very big rock,5319,-312
Very big rock,5284,-215
Very big rock,5198,-343
Very big rock,5090,-294
Very big rock,5170,-169
Very big rock,5172,-286
Very big rock,5054,-165
Very big rock,5089,-344
Very big rock,5004,-246
Very big rock,4963,-323
Very big rock,4862,-247
Very big rock,4945,-92
Very big rock,4902,-153
Very big rock,4844,-298
Very big rock,4943,-227
Very big rock,4950,-132
Very big rock,5066,-101
Very big rock,5096,-193
Very big rock,5282,-147
Very big rock,5115,-41
Very big rock,5164,-94
Very big rock,5225,-178
Very big rock,5334,-50
Very big rock,5343,-93
Very big rock,5423,-101
Very big rock,5408,1
Very big rock,5238,-44
Very big rock,5047,-44
Very big rock,4894,46
Very big rock,5007,-66
Very big rock,5075,108
Very big rock,5043,-85
Very big rock,5071,58
Very big rock,5182,36
Very big rock,5234,136
Very big rock,5243,236
Very big rock,5303,53
Very big rock,5153,144
Very big rock,5301,183
Very big rock,5501,-3
Very big rock,5475,92
Very big rock,5251,224
Very big rock,5368,129
Very big rock,5435,19
Very big rock,5574,9
Very big rock,5672,128
Very big rock,5645,57
Very big rock,5524,109
Very big rock,5356,272
Very big rock,5406,184
Very big rock,5592,172
Very big rock,5682,184
Very big rock,5710,246
Very big rock,5654,343
Very big rock,5490,228
Very big rock,5619,275
Very big rock,5582,345
Very big rock,5431,281
Very big rock,5185,252
Very big rock,5268,303
Very big rock,5094,255
Very big rock,5053,222
Very big rock,5020,137
Very big rock,4950,53
Very big rock,4902,3
Very big rock,4931,302
Very big rock,5129,335
Very big rock,5007,310
Very big rock,4947,233
Very big rock,4903,142
Very big rock,4807,46
Very big rock,4824,-159
Very big rock,4745,-174
Very big rock,4714,-246
Very big rock,4593,-177
Very big rock,4858,-66
Very big rock,4779,-39
Very big rock,4710,30
Very big rock,4752,87
Very big rock,4794,123
Very big rock,4809,217
Very big rock,4846,216
Very big rock,4859,336
Very big rock,4812,355
Very big rock,5449,333
Very big rock,5594,412
Very big rock,5495,365
Very big rock,5232,364
Very big rock,4869,660
Very big rock,5328,374
Very big rock,5055,679
Very big rock,5098,695
Very big rock,4945,696
Very big rock,4856,637
Very big rock,5473,716
Very big rock,5297,733
Very big rock,5087,822
Very big rock,5402,743
Very big rock,5337,755
Very big rock,5123,783
Very big rock,5197,797
Very big rock,4821,786
Very big rock,4792,713
Very big rock,4903,766
Very big rock,5022,808
Very big rock,5194,776
Very big rock,5273,835
Very big rock,5179,873
Very big rock,5083,955
Very big rock,5229,992
Very big rock,5077,914
Very big rock,5143,1000
Very big rock,5248,929
Very big rock,5351,831
Very big rock,5431,831
Very big rock,5451,912
Very big rock,5356,918
Very big rock,5314,1011
Very big rock,5145,986
Very big rock,4987,890
Very big rock,4931,975
Very big rock,4862,878
Very big rock,4752,-97
Very big rock,4646,-69
Very big rock,4667,-146
Very big rock,4562,-85
Very big rock,4596,38
Very big rock,4631,106
Very big rock,4696,206
Very big rock,4677,303
Very big rock,4697,377
Very big rock,4742,339
Very big rock,4686,258
Very big rock,4736,642
Very big rock,4698,728
Very big rock,5406,1200
Very big rock,5378,1104
Very big rock,5359,1014
Very big rock,5204,1063
Very big rock,5111,1046
Very big rock,5278,1088
Very big rock,5149,1072
Very big rock,5018,1068
Very big rock,4996,977
Very big rock,4851,1003
Very big rock,4899,1093
Very big rock,5077,1154
Very big rock,4914,1183
Very big rock,4818,1163
Very big rock,5329,1355
Very big rock,5316,1298
Very big rock,5293,1432
Very big rock,5224,1527
Very big rock,5242,1519
Very big rock,5153,1587
Very big rock,5035,1592
Very big rock,5026,1639
Very big rock,5103,1502
Very big rock,5178,1428
Very big rock,5214,1338
Very big rock,5193,1281
Very big rock,5288,1181
Very big rock,5163,1177
Very big rock,5019,1221
Very big rock,5107,1260
Very big rock,5024,1392
Very big rock,5087,1325
Very big rock,5071,1410
Very big rock,4064,1970
Very big rock,3999,1955
Very big rock,4032,1883
Very big rock,4170,1898
Very big rock,4245,1868
Very big rock,4337,1858
Very big rock,4416,1843
Very big rock,4513,1811
Very big rock,4636,1719
Very big rock,4837,1727
Very big rock,4737,1764
Very big rock,4625,1780
Very big rock,4703,1655
Very big rock,4939,1494
Very big rock,4824,1620
Very big rock,4980,1483
Very big rock,4885,1561
Very big rock,4808,1644
Very big rock,4944,1601
Very big rock,4938,1399
Very big rock,4992,1304
Very big rock,5031,1172
Very big rock,4912,1284
Very big rock,4786,1250
Very big rock,4802,1106
Very big rock,4798,1490
Very big rock,4852,1368
Very big rock,4848,1459
Very big rock,4710,1499
Very big rock,4804,1279
Very big rock,4740,1376
Very big rock,4765,866
Very big rock,4654,799
Very big rock,4719,797
Very big rock,4696,895
Very big rock,4724,995
Very big rock,4744,943
Very big rock,4535,899
Very big rock,4614,901
Very big rock,4439,917
Very big rock,4615,1048
Very big rock,4706,1072
Very big rock,4692,1182
Very big rock,4631,1235
Very big rock,4677,1269
Very big rock,4650,1388
Very big rock,4672,1380
Very big rock,4720,1565
Very big rock,4552,1731
Very big rock,4614,1620
Very big rock,4605,1492
Very big rock,4461,1467
Very big rock,4500,1597
Very big rock,4361,1713
Very big rock,4532,1616
Very big rock,4446,1683
Very big rock,4361,1760
Very big rock,4457,1736
Very big rock,4304,1694
Very big rock,4375,1631
Very big rock,4408,1567
Very big rock,4480,1489
Very big rock,4536,1425
Very big rock,4585,1128
Very big rock,4526,1230
Very big rock,4566,1303
Very big rock,4587,993
Very big rock,4598,939
Very big rock,4600,745
Very big rock,4528,782
Very big rock,4560,794
Very big rock,4522,839
Grass rock 1,4494,722
Grass rock 1,4480,722
Grass rock 1,4461,722
Grass rock 1,4425,723
Grass rock 1,4406,725
Grass rock 1,4379,720
Grass rock 1,4361,717
Grass rock 1,4344,721
Grass rock 1,4321,722
Grass rock 1,4290,722
Grass rock 1,4283,724
Grass rock 1,4260,726
Grass rock 1,4243,733
Grass rock 1,4227,738
Grass rock 1,4215,751
Grass rock 1,4187,758
Rock 1,4231,807
Rock 1,4244,773
Rock 1,4272,745
Rock 1,4264,727
Rock 1,4246,734
Rock 1,4218,754
Rock 1,4229,738
Rock 1,4230,754
Rock 1,4216,761
Rock 1,4193,764
Rock 1,4190,799
Rock 1,4226,778
Rock 1,4221,1052
Rock 1,4127,1077
Rock 1,4158,1030
Rock 1,4126,954
Rock 1,4105,995
Rock 1,4182,992
Rock 1,4147,900
Rock 1,4150,917
Rock 1,4222,943
Rock 1,4231,871
Rock 1,4165,867
Rock 1,4185,928
Rock 1,4187,861
Rock 1,4199,799
Rock 1,4192,770
Rock 1,4194,808
Rock 1,4189,818
Rock 1,4183,827
Rock 1,4156,831
Rock 1,4159,876
Rock 1,4151,951
Rock 1,4114,1063
Rock 1,4170,1073
Rock 1,4169,922
Rock 1,4133,958
Rock 1,4139,963
Rock 1,4126,1004
Rock 1,4067,1006
Rock 1,4060,1033
Rock 1,4092,1034
Rock 1,4119,1013
Rock 1,4093,1051
Rock 1,4055,1037
Rock 1,3998,1025
Rock 1,3960,1130
Rock 1,3885,1117
Rock 1,3917,1098
Rock 1,3939,1068
Rock 1,3890,1085
Rock 1,3822,1082
Rock 1,3863,1089
Rock 1,3703,1047
Rock 1,3794,1036
Rock 1,3762,1074
Rock 1,3838,1109
Rock 1,3892,1074
Rock 1,3788,1079
Rock 1,3756,1076
Rock 1,3716,1060
Rock 1,3670,1023
Rock 1,3597,1039
Enemy 1,3444,579
Enemy 1,3630,540
Enemy 1,3265,561
Rock 2,3866,1088
Rock 2,3815,1128
Rock 2,3855,1103
Rock 2,3855,1103
Rock 2,3745,1101
Rock 2,3734,1044
Rock 2,3676,1002
Rock 2,3700,1049
Rock 2,3738,1093
Rock 2,3679,1133
Rock 2,3616,1136
Rock 2,3684,1051
Rock 2,3632,1110
Rock 2,3695,1115
Rock 2,3764,1100
Rock 2,4064,1058
Rock 2,4144,980
Rock 2,4128,906
Rock 2,4123,928
Rock 2,4058,989
Rock 2,4022,1009
Rock 2,3879,974
Rock 2,4079,991
Rock 2,3883,1037
Rock 2,3845,1010
Rock 2,3839,1057
Rock 2,3791,1036
Rock 2,3736,1037
Rock 2,3657,878
Rock 2,3789,1027
Rock 2,3646,981
Rock 2,3655,905
Rock 2,3967,1024
Rock 2,3968,1023
Rock 2,3937,1040
Rock 2,4005,1049
Rock 2,4039,996
Rock 2,4067,964
Rock 2,4056,930
Rock 2,4089,960
Rock 2,4117,888
Rock 2,4124,841
Rock 2,4090,927
Rock 2,4145,872
Rock 2,4126,836
Rock 2,4127,840
Rock 2,4126,850
Rock 2,4118,859
Rock 2,4112,871
Rock 2,4092,875
Rock 2,4089,879
Rock 2,4091,903
Rock 2,4067,924
Rock 2,4065,982
Spikes,4121,799
Spikes,4167,796
Spikes,4135,798
Spikes,4092,834
Spikes,4066,871
Spikes,4023,915
Spikes,4000,915
Spikes,3950,920
Spikes,3926,921
Spikes,3886,917
Spikes,3846,916
Spikes,3810,916
Spikes,3763,905
Spikes,3727,901
Spikes,3680,895
Rock 2,4066,911
Rock 2,4063,928
Rock 2,3876,1014
Rock 2,3876,1050
Rock 2,3819,1014
Rock 2,3769,985
Rock 2,3762,1015
Rock 2,4056,1076
Rock 2,3911,1017
Rock 2,3947,983
Rock 2,3943,1022
Rock 2,4024,998
Rock 2,4010,977
Rock 2,3990,989
Rock 2,4027,993
Rock 2,4005,1036
Rock 2,3961,1011
Rock 2,3924,1046
Rock 2,3972,1051
Rock 2,3993,1122
Rock 2,3909,1051
Rock 2,3880,996
Rock 2,3898,1040
Rock 2,3914,1006
Rock 2,3883,1016
Rock 2,3801,976
Rock 2,3847,985
Rock 2,3801,988
Rock 2,3779,964
Rock 2,3750,977
Rock 2,3793,994
Rock 2,3800,1046
Rock 2,3253,877
Rock 2,3255,875
Rock 2,3303,809
Rock 2,3369,807
Rock 2,3398,952
Rock 2,3489,1041
Rock 2,3525,1081
Rock 2,3507,1038
Rock 2,3640,1000
Rock 2,3545,1052
Rock 2,3638,1045
Rock 2,3615,925
Rock 2,3684,765
Rock 2,3679,789
Rock 2,3670,831
Rock 1,3668,832
Rock 1,3559,938
Rock 1,3544,1000
Rock 1,3737,978
Rock 1,3709,961
Rock 1,3695,974
Rock 1,3661,959
Rock 1,3704,977
Rock 1,3665,997
Rock 1,3622,1050
Rock 1,3744,1087
Rock 1,3878,1072
Rock 1,3960,1050
Rock 1,3959,987
Rock 1,3912,979
Rock 1,3908,995
Rock 1,3873,1046
Rock 1,3872,1046
Rock 1,3851,983
Rock 1,3823,995
Rock 1,3785,1047
Rock 1,3801,1000
Rock 1,3749,990
Rock 1,3683,983
Rock 1,3721,1009
Rock 1,3498,1012
Rock 1,3441,937
Rock 1,3425,980
Rock 1,3423,980
Rock 1,3259,961
Rock 1,3604,1050
Rock 1,3637,979
Rock 1,3593,979
Rock 1,3538,895
Rock 1,3577,958
Rock 1,3577,958
Rock 1,3584,1024
Rock 1,3661,1023
Rock 1,3490,887
Rock 1,3458,865
Rock 1,3560,1035
Rock 1,3601,993
Rock 1,3647,1058
Rock 1,3575,845
Rock 1,3566,876
Rock 1,3533,954
Rock 1,3495,937
Rock 1,3505,907
Rock 1,3470,834
Rock 1,3471,899
Rock 1,3330,1014
Rock 1,3309,1026
Rock 1,3302,1043
Rock 1,3355,1128
Rock 1,3426,905
Rock 1,3340,905
Rock 1,3390,912
Rock 1,3385,829
Rock 1,3370,856
Rock 1,3364,912
Rock 1,3558,871
Rock 1,3583,910
Rock 1,3611,899
Rock 1,3627,944
Rock 1,3621,894
Rock 1,3626,845
Rock 1,3628,789
Rock 1,3626,859
Rock 1,3509,799
Rock 1,3531,830
Rock 1,3557,816
Rock 1,3557,882
Enemy 2,3477,675
Rock 2,3615,824
Rock 2,3618,870
Grass rock 1,4041,956
Grass rock 1,4015,957
Grass rock 1,3992,957
Grass rock 1,3966,961
Grass rock 1,3939,961
Grass rock 1,3913,959
Grass rock 1,3884,957
Grass rock 1,3855,957
Grass rock 1,3825,957
Grass rock 1,3804,956
Grass rock 1,3776,946
Grass rock 1,3748,943
Grass rock 1,3726,942
Grass rock 1,3700,944
Grass rock 1,3679,936
Rock 1,3672,940
Rock 1,3650,942
Rock 1,3672,826
Rock 1,3660,865
Rock 1,3651,910
Rock 1,3647,934
Rock 1,3617,961
Rock 1,3608,922
Rock 1,3562,969
Rock 1,3542,924
Rock 1,3591,858
Rock 1,3633,831
Rock 1,3598,879
Rock 1,3637,864
Rock 1,3633,829
Rock 1,3627,803
Rock 1,3596,831
Rock 1,3578,789
Rock 1,3592,860
Rock 1,3592,785
Rock 1,3568,812
Rock 1,3530,863
Rock 1,3546,820
Rock 1,3556,794
Rock 1,3543,785
Rock 1,3540,790
Rock 1,3500,824
Rock 1,3519,853
Rock 1,3449,866
Rock 1,3452,841
Rock 1,3455,803
Rock 1,3395,792
Rock 1,3421,795
Rock 1,3413,848
Rock 1,3486,850
Rock 1,3517,807
Rock 1,3519,772
Rock 1,3467,770
Rock 1,3479,791
Rock 1,3484,762
Rock 1,3426,769
Rock 1,3359,781
Rock 1,3323,773
Rock 1,3275,797
Rock 1,3445,758
Rock 1,3404,761
Rock 1,3435,786
Rock 1,3412,826
Rock 1,3412,822
Rock 1,3383,795
Rock 1,3384,784
Rock 1,3371,766
Rock 1,3350,785
Rock 1,3350,827
Rock 1,3322,877
Rock 1,3652,895
Rock 1,3652,871
Rock 1,3661,829
Rock 1,3664,849
Rock 1,3672,815
Rock 1,3664,798
Rock 1,3649,819
Rock 1,3674,786
Rock 1,3648,797
Rock 1,3652,784
Rock 1,3644,786
Rock 1,3605,794
Rock 1,3485,807
Rock 1,3309,799
Rock 1,3321,831
Rock 1,3307,869
Rock 1,3240,882
Rock 1,3231,900
Rock 1,3294,877
Rock 1,3262,1008
Rock 1,2982,1204
Rock 1,2964,1250
Rock 1,3047,1365
Rock 1,3024,1351
Rock 1,2979,1433
Rock 1,3006,1437
Rock 1,3080,1439
Rock 1,3141,1288
Rock 1,3235,1082
Rock 1,3235,1054
Rock 1,3281,1054
Rock 1,3252,988
Rock 1,3303,944
Rock 1,3259,886
Rock 1,3237,925
Rock 1,3216,980
Rock 1,3257,977
Rock 1,3226,942
Rock 1,3206,971
Rock 1,3177,925
Rock 1,3159,954
Rock 1,3218,1023
Rock 1,3191,1051
Rock 1,3191,1031
Rock 1,3172,1038
Rock 1,3161,1057
Rock 1,3107,1056
Rock 1,3138,1074
Rock 1,3177,1073
Rock 1,3171,1100
Rock 1,3214,1094
Rock 1,3230,852
Rock 1,3225,871
Rock 1,3270,855
Rock 1,3220,795
Rock 1,3233,801
Rock 1,3297,771
Rock 1,3346,758
Rock 1,3321,763
Rock 1,3300,784
Rock 1,3278,821
Rock 1,3242,808
Rock 1,3228,830
Rock 1,3257,827
Rock 1,3278,799
Rock 1,3285,771
Rock 1,3271,810
Rock 1,3257,778
Rock 1,3210,809
Rock 1,3239,789
Rock 1,3216,777
Rock 1,3191,768
Rock 1,3196,791
Rock 1,3204,844
Rock 1,3188,890
Rock 1,3162,776
Rock 1,3173,777
Save,1786,598
Save,1809,578
Save,1837,539
Save,1811,555
Save,1780,615
Save,1762,651
Save,1728,686
Save,1703,718
Save,1699,750
Save,1679,785
Grass rock 2,3676,760
Grass rock 1,3655,759
Grass rock 1,3630,762
Grass rock 1,3604,765
Grass rock 1,3579,762
Grass rock 1,3553,759
Grass rock 1,3530,753
Grass rock 1,3509,747
Grass rock 1,3485,743
Grass rock 1,3464,742
Grass rock 1,3441,738
Grass rock 1,3418,735
Grass rock 1,3401,736
Grass rock 1,3376,739
Grass rock 1,3346,742
Grass rock 1,3317,740
Grass rock 1,3288,742
Grass rock 1,3284,745
Grass rock 1,3288,742
Grass rock 1,3278,749
Grass rock 1,3258,753
Grass rock 1,3234,757
Grass rock 1,3210,754
Grass rock 1,3183,756
Grass rock 1,3156,747
Grass rock 1,3128,751
Rock 1,3139,784
Rock 1,3130,755
Rock 1,2868,1095
Rock 1,2865,1090
Rock 1,2860,1062
Rock 1,2849,1029
Rock 1,2836,990
Rock 1,2831,959
Rock 1,2826,922
Rock 1,3145,882
Rock 1,3145,849
Rock 1,3145,859
Rock 1,2973,1096
Rock 1,3121,905
Grass rock 2,3120,889
Spikes,3097,894
Spikes,3119,848
Spikes,2962,1060
Spikes,2929,1079
Spikes,2904,1076
Spikes,3001,1014
Spikes,3026,1015
Spikes,3064,967
Point,2935,732
Death,2806,1433
Death,2848,1429
Death,2833,1427
Death,2822,1430
Death,2787,1422
Death,2707,1446
Death,2765,1428
Death,2732,1436
Death,2714,1444
Death,2679,1448
Death,2667,1435
Death,2635,1439
Death,2495,1436
Death,2475,1442
Death,2432,1440
Death,2453,1437
Death,2415,1433
Death,2389,1433
Death,2359,1436
Death,2332,1433
Death,2309,1433
Death,2286,1427
Death,2259,1424
Death,2237,1420
Death,2211,1416
Rock 1,2952,1884
Rock 1,3058,1872
Rock 1,3034,1886
Rock 1,3039,1930
Rock 1,3047,1978
Rock 1,3108,1950
Rock 1,3153,1876
Rock 1,3148,1788
Rock 1,3065,1839
Rock 1,3065,1839
Rock 1,3053,1751
Rock 1,3222,1165
Rock 1,3161,1267
Rock 1,3201,1309
Rock 1,3208,1227
Rock 1,3101,1298
Rock 1,3097,1363
Rock 1,3126,1566
Rock 1,3138,2216
Rock 1,3197,2173
Rock 1,3177,2220
Rock 1,3159,2291
Rock 1,3044,2314
Rock 1,3052,2128
Rock 1,3051,2095
Rock 1,3107,2014
Rock 1,3123,1851
Rock 1,3088,1785
Rock 1,3084,1837
Rock 1,3027,1843
Rock 1,3060,1937
Rock 1,3046,2041
Rock 1,3033,1995
Rock 1,3048,1919
Rock 1,3095,1883
Rock 1,3007,1808
Rock 1,3014,1865
Rock 1,3011,1904
Rock 1,3026,1932
Rock 1,3004,1866
Rock 1,2986,1895
Rock 1,3001,1955
Rock 1,3008,1943
Rock 1,3014,1839
Rock 1,3013,1763
Rock 1,3004,1811
Rock 1,2958,1830
Rock 1,2978,1821
Rock 1,2966,1791
Rock 1,2977,1739
Rock 1,2979,1704
Rock 1,3004,1755
Rock 1,2979,1770
Rock 1,2941,1749
Rock 1,2996,1713
Rock 1,2975,1617
Rock 1,2979,1670
Rock 1,2948,1687
Rock 1,2922,1620
Rock 1,2947,1726
Rock 1,2932,1665
Rock 1,2958,1545
Rock 1,2966,1576
Rock 1,3010,1644
Rock 1,3024,1627
Rock 1,3012,1679
Rock 1,2917,1606
Rock 1,2962,1650
Rock 1,2942,1585
Rock 1,2952,1628
Rock 1,2895,1655
Rock 1,2888,1618
Rock 1,2916,1700
Rock 1,2896,1620
Rock 1,2926,1680
Rock 1,2892,1592
Rock 1,3022,1583
Rock 1,2997,1555
Rock 1,3007,1593
Rock 1,3021,1528
Rock 1,2980,1581
Rock 1,3034,1551
Rock 1,2996,1465
Rock 1,2962,1497
Rock 1,2915,1509
Rock 1,2933,1490
Rock 1,2898,1538
Rock 1,2908,1570
Rock 1,2939,1531
Rock 1,2889,1478
Rock 1,2894,1516
Rock 1,2918,1601
Rock 1,3116,1230
Rock 1,3101,1277
Rock 1,3046,1307
Rock 1,2978,1352
Rock 1,2996,1281
Rock 1,2915,1266
Rock 1,2918,1311
Rock 1,3075,1328
Rock 1,3022,1348
Rock 1,3084,1276
Rock 1,3052,1184
Rock 1,3065,1258
Rock 1,3079,1205
Rock 1,3102,1222
Rock 1,3031,1270
Rock 1,3003,1264
Rock 1,2978,1234
Rock 1,2994,1315
Rock 1,2989,1345
Rock 1,3019,1398
Rock 1,3010,1440
Rock 1,2983,1521
Rock 1,3019,1488
Rock 1,2983,1501
Rock 1,2963,1462
Rock 1,3026,1499
Rock 1,3052,1478
Rock 1,2910,1450
Rock 1,2901,1478
Rock 1,2882,1446
Rock 1,2932,1476
Rock 1,2925,1419
Rock 1,2936,1479
Rock 1,2896,1433
Rock 1,2944,1439
Rock 1,2922,1383
Rock 1,2895,1410
Rock 1,2879,1387
Rock 1,2893,1416
Rock 1,2961,1397
Rock 1,2903,1345
Rock 1,2896,1352
Rock 1,2908,1372
Rock 1,2876,1373
Rock 1,2870,1353
Rock 1,3099,2050
Rock 1,3346,2083
Rock 1,3207,2064
Rock 1,3223,2100
Rock 1,3222,2054
Rock 1,3169,2087
Rock 1,3011,2093
Rock 1,2999,2036
Rock 1,3014,2032
Rock 1,2996,1980
Rock 1,3018,1954
Rock 1,3040,2010
Rock 1,3144,1952
Rock 1,3106,2018
Rock 1,3022,2043
Rock 1,3118,2034
Rock 1,3012,2000
Rock 1,3058,2056
Rock 1,3048,1983
Rock 1,3009,2062
Rock 1,3032,2150
Rock 1,3003,2191
Rock 1,3028,2233
Rock 1,3070,2168
Rock 1,3097,2313
Rock 1,3086,2377
Rock 1,3061,2335
Rock 1,3028,2249
Rock 1,3039,2177
Rock 1,3084,2223
Rock 1,3107,2291
Rock 1,3078,2297
Rock 1,3014,2350
Rock 1,3034,2354
Rock 1,3025,2310
Rock 1,3013,2265
Rock 1,2993,2179
Rock 1,3013,2108
Rock 1,3005,2067
Rock 1,2990,2118
Rock 1,3021,2140
Rock 1,3104,1895
Rock 1,3095,1915
Rock 1,3305,2094
Rock 1,3101,2119
Rock 1,3103,2143
Rock 1,3135,2124
Rock 1,3420,2339
Rock 1,3015,2313
Rock 1,2994,2324
Rock 1,3021,2356
Rock 1,3019,2382
Rock 1,2998,2383
Rock 1,3006,2309
Rock 1,3017,2298
Rock 1,2968,2371
Rock 1,2972,2388
Rock 1,2966,2376
Rock 1,2976,2358
Rock 1,2981,2331
Rock 1,2977,2315
Rock 1,2975,2294
Rock 1,2974,2274
Rock 1,2973,2262
Rock 1,2977,2245
Rock 1,2979,2218
Rock 1,2982,2208
Rock 1,2979,2191
Rock 1,2977,2165
Rock 1,2981,2183
Rock 1,2980,2158
Rock 1,2972,2137
Rock 1,2972,2114
Rock 1,2987,2048
Rock 1,2975,2093
Rock 1,2973,2067
Rock 1,2973,2054
Rock 1,2979,2036
Rock 1,2978,2013
Rock 1,2978,1989
Rock 1,2973,1919
Rock 1,2971,1934
Rock 1,2977,1968
Rock 1,2981,1947
Rock 1,2985,1942
Rock 1,2976,1895
Rock 1,2943,1866
Rock 1,2956,1854
Rock 1,2964,1874
Rock 1,2970,1859
Rock 1,2958,1782
Rock 1,2933,1728
Rock 1,2930,1771
Rock 1,2941,1855
Rock 1,2936,1824
Rock 1,2932,1813
Rock 1,2929,1782
Rock 1,2887,1723
Rock 1,2925,1790
Rock 1,2911,1751
Rock 1,2904,1703
Rock 1,2903,1730
Rock 1,2890,1693
Rock 1,2880,1713
Rock 1,2873,1686
Rock 1,2873,1665
Rock 1,2868,1638
Rock 1,2867,1622
Rock 1,2872,1593
Rock 1,2871,1553
Rock 1,2875,1553
Rock 1,2866,1566
Rock 1,2868,1532
Rock 1,2865,1505
Rock 1,2862,1482
Rock 1,2859,1457
Rock 1,2862,1433
Rock 1,2861,1416
Rock 1,3174,907
Rock 1,3203,858
Rock 1,3216,875
Rock 1,3198,905
Rock 1,3195,932
Rock 1,3198,1003
Rock 1,3138,1156
Rock 1,2880,1215
Rock 1,2906,1307
Rock 1,2953,1267
Rock 1,2949,1301
Rock 1,2953,1240
Rock 1,3019,1231
Rock 1,3095,1162
Rock 1,3094,1165
Rock 1,3020,1190
Rock 1,3011,1191
Rock 1,3112,1182
Rock 1,3151,1139
Rock 1,3139,1096
Rock 1,3101,1095
Rock 1,3139,1033
Rock 1,3172,968
Rock 1,3123,899
Rock 1,3183,977
Rock 1,3154,884
Rock 1,3142,919
Rock 1,3167,874
Rock 1,3168,835
Rock 1,3185,833
Rock 1,3170,809
Rock 1,3166,857
Rock 1,3204,818
Rock 1,3156,785
Rock 1,3134,763
Rock 1,3136,776
Rock 1,3145,791
Rock 1,3142,808
Rock 1,3145,837
Rock 1,3142,860
Rock 1,3143,877
Rock 1,3146,938
Rock 1,3175,1031
Rock 1,3175,982
Rock 1,3147,1004
Rock 1,3143,1034
Rock 1,3130,998
Rock 1,3164,949
Rock 1,3130,964
Rock 1,3130,932
Rock 1,3123,935
Rock 1,3127,973
Rock 1,3119,1009
Rock 1,3131,1057
Rock 1,3110,1107
Rock 1,3150,1130
Rock 1,3118,1162
Rock 1,3058,1135
Rock 1,3103,1149
Rock 1,3032,1159
Rock 1,3083,1089
Rock 1,3103,1095
Rock 1,3092,1126
Rock 1,3021,1146
Rock 1,3057,1100
Rock 1,3041,1102
Rock 1,3055,1067
Rock 1,3095,1031
Rock 1,3091,1051
Rock 1,3120,1035
Rock 1,3139,1071
Rock 1,3120,911
Rock 1,3098,956
Rock 1,3097,982
Rock 1,3099,1008
Rock 1,3101,1031
Rock 1,3057,1031
Rock 1,3065,1031
Rock 1,3049,1157
Rock 1,3026,1090
Rock 1,3008,1117
Rock 1,3000,1171
Rock 1,2915,1181
Rock 1,2933,1223
Rock 1,2930,1240
Rock 1,2937,1350
Rock 1,2900,1285
Rock 1,2906,1234
Rock 1,2942,1186
Rock 1,2894,1166
Rock 1,2864,1188
Rock 1,2881,1252
Rock 1,2876,1284
Rock 1,2867,1330
Rock 1,2898,1276
Rock 1,2900,1314
Rock 1,2851,1302
Rock 1,2861,1338
Rock 1,2856,1274
Rock 1,2870,1335
Rock 1,2856,1390
Rock 1,2845,1096
Rock 1,2956,1142
Rock 1,2964,1123
Grass rock 1,2926,1119
Grass rock 1,2899,1117
Grass rock 1,3119,889
Grass rock 1,3097,934
Grass rock 1,3086,1005
Grass rock 1,3059,1007
Grass rock 1,3051,1051
Grass rock 1,3022,1057
Grass rock 1,2999,1055
Rock 1,2997,1067
Rock 1,2978,1178
Rock 1,2842,1280
Rock 1,2853,1285
Rock 1,2850,1235
Rock 1,2842,1182
Rock 1,2852,1225
Rock 1,2894,1193
Rock 1,2908,1154
Rock 1,2943,1148
Rock 1,2989,1147
Rock 1,2989,1124
Rock 1,2994,1088
Rock 1,2974,1095
Rock 1,2956,1101
Rock 1,2951,1110
Rock 1,2958,1112
Rock 1,2928,1119
Rock 1,2941,1122
Rock 1,2905,1121
Rock 1,2880,1117
Rock 1,2824,1111
Rock 1,2818,1034
Very big rock,3741,2086
Very big rock,3734,2189
Very big rock,3806,2087
Very big rock,3622,2083
Very big rock,3612,2175
Very big rock,3604,2264
Very big rock,3488,2222
Very big rock,3651,2061
Very big rock,3828,1960
Very big rock,4262,1773
Very big rock,4204,1780
Very big rock,4108,1860
Very big rock,4020,1780
Very big rock,4144,1774
Very big rock,3899,1877
Very big rock,3963,1843
Very big rock,3912,1909
Very big rock,4086,1678
Very big rock,4236,1684
Very big rock,4174,1680
Very big rock,4043,1701
Very big rock,4220,1599
Very big rock,4542,1330
Very big rock,4447,1355
Very big rock,4393,1401
Very big rock,4291,1454
Very big rock,4306,1529
Very big rock,4379,1452
Very big rock,4296,1608
Very big rock,4140,1349
Very big rock,4499,1101
Very big rock,4477,1165
Very big rock,4397,1211
Very big rock,4453,1262
Very big rock,4352,1296
Very big rock,4441,1256
Very big rock,4388,1055
Very big rock,4444,975
Very big rock,4381,1086
Very big rock,4460,998
Very big rock,4434,833
Very big rock,4431,870
Very big rock,4284,950
Very big rock,4337,935
Very big rock,4322,1102
Very big rock,4291,1026
Very big rock,4285,1190
Very big rock,4271,1260
Very big rock,4291,1351
Very big rock,4227,1370
Very big rock,4193,1424
Very big rock,4181,1515
Very big rock,4148,1566
Very big rock,3993,1614
Very big rock,3994,1641
Very big rock,3928,1694
Very big rock,3918,1778
Very big rock,4042,1592
Very big rock,3893,1625
Very big rock,3813,1815
Very big rock,3810,1883
Very big rock,3742,1983
Very big rock,3798,2050
Very big rock,3696,1896
Very big rock,3589,1948
Very big rock,3639,1975
Very big rock,3642,1777
Very big rock,3752,1692
Very big rock,3803,1725
Very big rock,3694,1775
Very big rock,3658,1676
Very big rock,3632,1841
Very big rock,3610,1704
Very big rock,3550,1743
Very big rock,3449,2307
Very big rock,3419,2369
Very big rock,3524,2303
Very big rock,3206,1889
Very big rock,3460,1771
Very big rock,3498,1987
Very big rock,3524,1864
Very big rock,3419,1862
Very big rock,3396,2121
Very big rock,3449,2106
Very big rock,3520,2125
Very big rock,3449,1981
Very big rock,3519,2024
Very big rock,3266,1883
Very big rock,3372,1792
Very big rock,3478,1715
Very big rock,3622,1662
Very big rock,3769,1596
Very big rock,3486,1610
Very big rock,3572,1638
Very big rock,3595,1541
Very big rock,3710,1554
Very big rock,3945,1504
Very big rock,3881,1543
Very big rock,4029,1485
Very big rock,3779,1519
Very big rock,3932,1325
Very big rock,4062,1386
Very big rock,4065,1443
Very big rock,3904,1428
Very big rock,3844,1488
Very big rock,3967,1394
Very big rock,4131,1274
Very big rock,4092,1328
Very big rock,4224,1266
Very big rock,3974,1317
Very big rock,3818,1360
Very big rock,3693,1442
Very big rock,3812,1432
Very big rock,3833,1293
Very big rock,3889,1330
Very big rock,4052,1156
Very big rock,4129,1135
Very big rock,4047,1210
Very big rock,4201,1102
Very big rock,4154,1167
Very big rock,4183,1027
Very big rock,4174,1195
Very big rock,4196,943
Very big rock,4092,993
Very big rock,4062,1078
Very big rock,3913,1158
Very big rock,3980,1166
Very big rock,3919,1220
Very big rock,3817,1197
Very big rock,3701,1353
Very big rock,3746,1267
Very big rock,3608,1465
Very big rock,3631,1382
Very big rock,3534,1487
Very big rock,3437,1505
Very big rock,3395,1583
Very big rock,3362,1696
Very big rock,3288,1760
Very big rock,3326,1941
Very big rock,3349,2045
Very big rock,3310,2123
Very big rock,3398,2201
Very big rock,3293,2247
Very big rock,3383,2214
Very big rock,3301,2316
Very big rock,3120,2294
Very big rock,3298,1871
Very big rock,3240,1955
Very big rock,3237,2137
Very big rock,3221,2066
Very big rock,3205,1813
Very big rock,3166,1944
Very big rock,3123,1876
Very big rock,3094,1803
Very big rock,3090,1730
Very big rock,3147,1731
Very big rock,3182,1686
Very big rock,3202,1614
Very big rock,3291,1595
Very big rock,3259,1641
Very big rock,3359,1502
Very big rock,3367,1541
Very big rock,3444,1427
Very big rock,3541,1402
Very big rock,3546,1336
Very big rock,4401,728
Very big rock,4345,736
Very big rock,4238,857
Very big rock,4231,737
Very big rock,4306,822
Very big rock,4280,723
Very big rock,4191,767
Very big rock,4090,875
Very big rock,4121,839
Very big rock,4065,913
Very big rock,3182,2198
Very big rock,3087,2183
Very big rock,3205,2277
Very big rock,3094,1997
Very big rock,3108,2102
Very big rock,3068,2268
Very big rock,2981,2291
Very big rock,2984,2167
Very big rock,2977,2080
Very big rock,2979,1868
Very big rock,2985,1989
Very big rock,3000,1936
Very big rock,2993,1861
Very big rock,2979,1776
Very big rock,2943,1736
Rock 2,2845,1373
Rock 2,2838,1348
Rock 2,2830,1315
Rock 2,2835,1326
Rock 2,2826,1306
Rock 2,2823,1281
Rock 2,2815,1251
Rock 2,2818,1267
Rock 2,2818,1235
Rock 2,2819,1204
Rock 2,2815,1177
Rock 2,2819,1149
Rock 2,2814,1117
Rock 2,2832,1064
Rock 2,2878,1139
Rock 2,2863,1090
Rock 2,2883,1144
Rock 2,2872,1107
Rock 2,2863,1074
Rock 2,2807,1100
Rock 2,2802,1075
Rock 2,2840,1055
Rock 2,2801,993
Rock 2,2855,1050
Rock 2,2851,1036
Rock 2,2845,1024
Rock 2,2841,1012
Rock 2,2839,995
Rock 2,2833,976
Rock 2,2796,962
Rock 2,2786,917
Rock 2,2795,929
Rock 2,2808,845
Rock 2,2786,887
Rock 2,2777,849
Rock 2,2819,844
Rock 2,2804,881
Rock 2,2828,949
Rock 2,2820,902
Rock 2,2816,939
Rock 2,2814,911
Rock 2,2826,893
Rock 2,2831,869
Rock 2,2839,847
Rock 2,2791,1022
Rock 2,2795,1050
Rock 2,2786,1012
Rock 2,2777,982
Rock 2,2771,954
Rock 2,2766,925
Rock 2,2763,908
Rock 2,2762,886
Rock 2,2757,860
Rock 2,2756,843
Invisible block,3029,867
Invisible block,3052,850
Invisible block,3015,848
Invisible block,3038,848
Grass rock 2,2846,824
Grass rock 2,2831,820
Grass rock 2,2804,818
Grass rock 2,2804,821
Grass rock 2,2779,818
Grass rock 2,2756,823
Rock 2,2595,2027
Rock 2,2591,2005
Rock 2,2599,1969
Rock 2,2600,1946
Rock 2,2593,1943
Rock 2,2602,2039
Rock 2,2600,2069
Rock 2,2601,2101
Rock 2,2602,2135
Rock 2,2592,2148
Rock 2,2596,2092
Rock 2,2594,2047
Rock 2,2594,1989
Rock 2,2580,1895
Rock 2,2599,1918
Rock 2,2599,1887
Rock 2,2593,1862
Rock 2,2591,1848
Rock 2,2580,1838
Rock 2,2564,1793
Rock 2,2584,1850
Rock 2,2586,1812
Rock 2,2589,1780
Rock 2,2592,1761
Rock 2,2592,1738
Rock 2,2594,1707
Rock 2,2587,1662
Rock 2,2591,1681
Rock 2,2592,1646
Rock 2,2595,1622
Rock 2,2602,1596
Rock 2,2572,1657
Rock 2,2561,2047
Rock 2,2555,2027
Rock 2,2549,2001
Rock 2,2545,1983
Rock 2,2545,1960
Rock 2,2545,1935
Rock 2,2561,1898
Rock 2,2557,1908
Rock 2,2555,1874
Rock 2,2544,1832
Rock 2,2543,1853
Rock 2,2543,1812
Rock 2,2543,1791
Rock 2,2542,1765
Rock 2,2548,1741
Rock 2,2563,2404
Rock 2,2559,2414
Rock 2,2589,2451
Rock 2,2570,2474
Rock 2,2569,2441
Rock 2,2547,2416
Rock 2,2545,2404
Rock 2,2556,2379
Rock 2,2548,2427
Rock 2,2585,2418
Rock 2,2557,2451
Rock 2,2596,2412
Rock 2,2584,2386
Rock 2,2601,2418
Rock 2,2599,2380
Rock 2,2605,2344
Rock 2,2605,2355
Rock 2,2574,2360
Rock 2,2574,2320
Rock 2,2580,2355
Rock 2,2588,2327
Rock 2,2543,2358
Rock 2,2549,2323
Rock 2,2551,2329
Rock 2,2553,2296
Rock 2,2558,2283
Rock 2,2604,2300
Rock 2,2598,2272
Rock 2,2595,2225
Rock 2,2605,2311
Rock 2,2593,2267
Rock 2,2599,2321
Rock 2,2598,2284
Rock 2,2595,2245
Rock 2,2578,2300
Rock 2,2556,2252
Rock 2,2562,2223
Rock 2,2551,2232
Rock 2,2572,2191
Rock 2,2593,2186
Rock 2,2597,2157
Rock 2,2588,2165
Rock 2,2586,2236
Rock 2,2582,2266
Rock 2,2587,2217
Rock 2,2593,2199
Rock 2,2588,2159
Rock 2,2575,2153
Rock 2,2554,2199
Rock 2,2560,2178
Rock 2,2551,2146
Rock 2,2548,2119
Rock 2,2560,2062
Rock 2,2552,2090
Rock 2,2545,1712
Rock 2,2546,1682
Rock 2,2538,1642
Rock 2,2541,1651
Rock 2,2578,1615
Rock 2,2564,1664
Rock 2,2601,1580
Rock 2,2601,1549
Rock 2,2547,1597
Rock 2,2543,1609
Rock 2,2550,1570
Rock 2,2572,1570
Rock 2,2568,1541
Rock 2,2553,1541
Rock 2,2541,1538
Rock 2,2542,1521
Rock 2,2537,1504
Rock 2,2556,1523
Rock 2,2573,1501
Rock 2,2599,1509
Rock 2,2585,1515
Rock 2,2566,1477
Rock 2,2604,1484
Rock 2,2568,1469
Rock 2,2587,1543
Rock 2,2554,1481
Rock 2,2544,1450
Rock 2,2531,1478
Rock 2,2525,1458
Rock 2,2585,1454
Rock 2,2566,1414
Rock 2,2607,1408
Rock 2,2610,1433
Rock 2,2590,1428
Rock 2,2608,1459
Rock 2,2604,1404
Rock 2,2608,1398
Rock 2,2609,1381
Rock 2,2575,1424
Rock 2,2591,1385
Rock 2,2578,1323
Rock 2,2605,1384
Rock 2,2606,1355
Rock 2,2606,1333
Rock 2,2612,1304
Rock 2,2608,1266
Rock 2,2607,1317
Rock 2,2611,1277
Rock 2,2597,1257
Rock 2,2582,1294
Rock 2,2579,1357
Rock 2,2537,1393
Rock 2,2532,1410
Rock 2,2527,1428
Rock 2,2547,1416
Rock 2,2557,1347
Rock 2,2545,1384
Rock 2,2547,1360
Rock 2,2559,1324
Rock 2,2565,1298
Rock 2,2562,1275
Rock 2,2581,1094
Rock 2,2577,1196
Rock 2,2577,1243
Rock 2,2543,1194
Rock 2,2543,1211
Rock 2,2550,1220
Rock 2,2556,1234
Rock 2,2558,1261
Rock 2,2546,1172
Rock 2,2543,1152
Rock 2,2544,1134
Rock 2,2535,1099
Rock 2,2539,1086
Rock 2,2537,1122
Rock 2,2602,1244
Rock 2,2602,1228
Rock 2,2599,1188
Rock 2,2599,1208
Rock 2,2592,1181
Rock 2,2592,1160
Rock 2,2584,1136
Rock 2,2581,1125
Rock 2,2576,1103
Rock 2,2576,1077
Rock 2,2584,1046
Rock 2,2576,1023
Rock 2,2560,986
Rock 2,2585,990
Rock 2,2539,1047
Rock 2,2539,1027
Rock 1,2535,1063
Rock 1,2542,1032
Rock 1,2579,1009
Rock 1,2563,965
Rock 1,2546,1010
Rock 1,2533,999
Rock 1,2563,933
Rock 1,2548,948
Rock 1,2572,963
Rock 1,2570,909
Rock 1,2544,925
Rock 1,2517,950
Rock 1,2524,971
Rock 1,2537,949
Rock 1,2511,926
Rock 1,2545,938
Rock 1,2524,914
Rock 1,2559,906
Rock 1,2587,959
Rock 1,2589,939
Rock 1,2586,936
Rock 1,2596,915
Rock 1,2508,904
Grass rock 1,2601,891
Grass rock 1,2588,887
Grass rock 1,2566,884
Grass rock 1,2543,881
Grass rock 1,2531,882
Grass rock 1,2506,883
Point,2754,745
Point,2671,737
Point,2616,778
Point,2524,814
Point,2472,757
Point,2399,758
Point,2333,814
Point,2131,825
Point,2066,825
Point,1879,810
Point,1796,752
Rock 2,2144,-134
Rock 2,2117,-10
Rock 2,2101,1
Rock 2,2073,49
Rock 2,2122,65
Rock 2,2074,99
Rock 2,2121,138
Rock 2,2093,127
Rock 2,2064,161
Rock 2,2070,194
Rock 2,2229,139
Rock 2,2325,125
Rock 2,2454,-37
Rock 2,2360,51
Rock 2,2390,6
Rock 2,2431,-65
Rock 2,2602,-242
Rock 2,2597,-223
Rock 2,2553,-182
Rock 2,2512,-116
Rock 2,2477,-136
Rock 2,2484,-108
Rock 2,2525,-167
Rock 2,2459,-120
Rock 2,2519,-157
Rock 2,2556,-205
Rock 2,2596,-262
Rock 2,2627,-265
Rock 2,2617,-254
Rock 2,2610,-213
Rock 2,2595,-176
Rock 2,2611,-225
Rock 2,2600,-193
Rock 2,2574,-169
Rock 2,2483,-12
Rock 2,2445,65
Rock 2,2162,237
Rock 2,2124,222
Rock 2,2087,212
Rock 2,2117,196
Rock 2,2164,184
Rock 2,2226,195
Rock 2,2260,219
Rock 2,2262,186
Rock 2,2220,176
Rock 2,2229,230
Rock 2,2272,262
Rock 2,2249,304
Rock 2,2201,335
Rock 2,2341,371
Rock 2,2366,316
Rock 2,2307,283
Rock 2,2345,257
Rock 2,2330,181
Rock 2,2392,230
Rock 2,2392,213
Rock 2,2300,220
Rock 2,2414,207
Rock 2,2383,106
Rock 2,2420,148
Rock 2,2412,88
Rock 2,2362,147
Rock 2,2498,73
Rock 2,2455,31
Rock 2,2409,176
Rock 2,2406,139
Rock 2,2404,55
Rock 2,2408,-1
Rock 2,2494,-53
Rock 2,2502,-37
Rock 2,2496,-30
Rock 2,2466,6
Rock 2,2361,80
Rock 2,2413,13
Rock 2,2482,-64
Rock 2,2409,-8
Rock 2,2511,11
Rock 2,2516,-70
Rock 2,2552,-136
Rock 2,2540,-113
Rock 2,2602,-144
Rock 2,2599,-160
Rock 2,2600,-120
Rock 2,2589,-91
Rock 2,2593,-105
Rock 2,2565,-84
Rock 2,2560,-54
Rock 2,2551,-48
Rock 2,2551,-26
Rock 2,2541,4
Rock 2,2533,30
Rock 2,2523,23
Rock 2,2527,60
Rock 2,2488,45
Rock 2,2464,67
Rock 2,2404,144
Rock 2,2380,166
Rock 2,2294,189
Rock 2,2252,254
Rock 2,2366,194
Rock 2,2274,170
Rock 2,2173,224
Rock 2,2064,305
Rock 2,2056,374
Rock 2,2073,253
Rock 2,2100,319
Rock 2,2170,329
Rock 2,2235,287
Rock 2,2280,303
Rock 2,2379,189
Rock 2,2355,283
Rock 2,2381,183
Rock 2,2465,141
Rock 2,2434,90
Rock 2,2441,67
Rock 2,2462,108
Rock 2,2480,101
Rock 2,2467,112
Rock 2,2490,118
Rock 2,2446,134
Rock 2,2486,93
Rock 2,2502,136
Rock 2,2520,52
Rock 2,2527,86
Rock 2,2517,98
Rock 2,2509,123
Rock 2,2489,140
Rock 2,2487,159
Rock 2,2479,160
Rock 2,2443,172
Rock 2,2454,198
Rock 2,2455,163
Rock 2,2438,200
Rock 2,2478,189
Rock 2,2467,218
Rock 2,2420,193
Rock 2,2311,223
Rock 2,2373,254
Rock 2,2345,322
Rock 2,2365,413
Rock 2,2371,389
Rock 2,2285,370
Rock 2,2313,330
Rock 2,1778,474
Rock 2,1758,452
Rock 2,2026,386
Rock 2,2095,419
Rock 2,2141,406
Rock 2,2193,360
Rock 2,2245,324
Rock 2,2223,374
Rock 2,2181,419
Rock 2,2176,396
Rock 2,2263,374
Rock 2,2270,401
Rock 2,2314,398
Rock 2,2421,296
Rock 2,2435,253
Rock 2,2426,281
Rock 2,2410,200
Rock 2,2440,227
Rock 2,2428,250
Rock 2,2463,248
Rock 2,2456,271
Rock 2,2452,291
Rock 2,2414,364
Rock 2,2430,310
Rock 2,2370,339
Rock 2,2243,418
Rock 2,2157,473
Rock 2,2207,460
Rock 2,2273,435
Rock 2,2195,462
Rock 2,2218,410
Rock 2,2217,280
Rock 2,2117,273
Rock 2,2144,346
Rock 2,164,-4
Rock 2,2265,405
Rock 2,2197,442
Rock 2,2328,359
Rock 2,2392,287
Rock 2,2422,226
Rock 2,2409,263
Rock 2,2423,294
Rock 2,2445,334
Rock 2,2451,318
Rock 2,2407,319
Rock 2,2373,281
Rock 2,2334,350
Rock 2,2374,336
Rock 2,2398,287
Rock 2,2394,332
Rock 2,2424,332
Rock 2,2390,370
Rock 2,2404,368
Rock 2,2436,350
Rock 2,2433,380
Rock 2,2305,331
Rock 2,2256,390
Rock 2,2326,371
Rock 2,2320,414
Rock 2,2356,399
Rock 2,2386,356
Rock 2,2383,395
Rock 2,2413,395
Rock 2,2313,410
Rock 2,2277,418
Rock 2,2200,461
Rock 2,2203,419
Rock 2,2107,471
Rock 2,2146,443
Rock 2,2340,424
Rock 2,2391,432
Rock 2,2416,400
Rock 2,2399,416
Rock 2,2383,441
Rock 2,2384,425
Rock 2,2370,445
Rock 2,2358,447
Rock 2,2310,449
Rock 2,2288,448
Rock 2,2328,446
Rock 2,2347,448
Rock 2,2296,443
Rock 2,2278,431
Rock 2,2114,365
Rock 2,2082,386
Rock 2,2140,437
Rock 2,2108,456
Rock 2,2074,509
Rock 2,2121,482
Rock 2,2156,490
Rock 2,2217,450
Rock 1,2251,459
Rock 1,2206,502
Rock 1,2148,485
Rock 1,2210,467
Rock 1,2270,457
Rock 1,2237,467
Rock 1,2223,478
Rock 1,2215,494
Rock 1,2203,479
Rock 1,2193,509
Rock 1,2170,509
Rock 1,2146,473
Rock 1,2159,387
Rock 1,2161,424
Rock 1,2028,485
Rock 1,2057,474
Rock 1,2089,497
Rock 1,1993,453
Rock 1,2073,452
Rock 1,2050,514
Rock 1,2089,513
Rock 1,2147,517
Rock 1,2123,518
Rock 1,2080,538
Rock 1,2101,531
Rock 1,2029,554
Rock 1,2070,543
Rock 1,2041,525
Rock 1,2007,549
Rock 1,2021,561
Rock 1,1996,566
Enemy 2,2200,813
Enemy 2,1972,804
Enemy 1,2067,695
Enemy 1,1902,622
Plant 2,1572,754
Rock 2,2019,2158
Rock 2,2032,2037
Rock 2,1995,2049
Rock 2,1982,1930
Rock 2,1936,2048
Rock 2,2171,2039
Rock 2,2134,2111
Rock 2,2118,2049
Rock 2,2123,2085
Rock 2,2046,2133
Rock 2,2085,2109
Rock 2,2178,1722
Rock 2,2157,1764
Rock 2,2139,1776
Rock 2,2057,1852
Rock 2,2018,1827
Rock 2,2086,1683
Rock 2,1996,1208
Rock 2,1920,1180
Rock 2,1914,1076
Rock 2,1941,1150
Rock 2,1877,1024
Rock 2,2027,1150
Rock 2,2071,1141
Rock 2,2139,1118
Rock 2,2158,1053
Rock 2,1986,942
Rock 2,2227,942
Rock 2,2152,952
Rock 2,2095,961
Rock 2,2112,1048
Rock 2,1974,1064
Rock 2,2035,1110
Rock 2,2059,1042
Rock 2,2005,1285
Rock 2,2124,1353
Rock 2,2044,1495
Rock 2,2008,1500
Rock 2,1952,1526
Rock 2,1944,1605
Rock 2,2146,1659
Rock 2,2065,1764
Rock 2,1955,1767
Rock 2,1920,1876
Rock 2,1949,1857
Rock 2,1911,1751
Rock 2,1991,1851
Rock 2,1991,1815
Rock 2,2052,1878
Rock 2,2091,1942
Rock 2,2027,1958
Rock 2,2031,2309
Rock 2,1995,2251
Rock 2,2104,2280
Rock 2,2145,2191
Rock 2,2167,2171
Rock 2,2121,2202
Rock 2,2162,2217
Rock 2,2157,2008
Rock 2,2117,2008
Rock 2,2081,2031
Rock 2,2171,2062
Rock 2,2163,2095
Rock 2,2138,2074
Rock 2,2082,2098
Rock 2,2131,2128
Rock 2,2160,2139
Rock 2,2125,2167
Rock 2,2068,2147
Rock 2,2150,2235
Rock 2,2107,2235
Rock 2,2033,2186
Rock 2,2073,2225
Rock 2,2125,2240
Rock 2,1491,2395
Rock 2,1521,2457
Rock 2,1512,2458
Rock 2,1468,2457
Rock 2,1493,2446
Rock 2,1451,2367
Rock 2,1413,2385
Rock 2,1477,2435
Rock 2,1451,2418
Rock 2,1427,2414
Rock 2,1420,2415
Rock 2,1395,2400
Rock 2,1378,2358
Rock 2,1398,2319
Rock 2,1362,2333
Rock 2,1371,2376
Rock 2,1368,2398
Rock 2,1344,2370
Rock 2,1366,2265
Rock 2,1363,2326
Rock 2,1329,2345
Rock 2,1323,2361
Rock 2,1335,2326
Rock 2,1331,2297
Rock 2,2056,2260
Rock 2,2062,2297
Rock 2,2094,2317
Rock 2,2147,2261
Rock 2,2121,2289
Rock 2,2093,2321
Rock 2,2095,2372
Rock 2,2097,2393
Rock 2,2096,2409
Rock 2,2081,2382
Rock 2,2101,2417
Rock 2,2088,2366
Rock 2,2114,1949
Rock 2,2128,1994
Rock 2,1332,2264
Rock 2,1328,2269
Rock 2,1330,2233
Rock 2,1421,2121
Rock 2,1437,2025
Rock 2,1445,2042
Rock 2,1350,2170
Rock 2,1334,2220
Rock 2,1343,2214
Rock 2,1329,2211
Rock 2,1315,2202
Rock 2,1316,2185
Rock 2,1315,2159
Rock 2,1323,2157
Rock 2,1425,2115
Rock 2,1426,2075
Rock 2,1424,2101
Rock 2,1406,2129
Rock 2,1399,2142
Rock 2,1353,2140
Rock 2,1379,2134
Rock 2,1323,2136
Rock 2,1322,1948
Rock 2,1342,1960
Rock 2,1369,1972
Rock 2,1454,2045
Rock 2,1411,2040
Rock 2,1407,1995
Rock 2,1412,2022
Rock 2,1417,2060
Rock 2,1382,1948
Rock 2,1373,1938
Rock 2,1349,1890
Rock 2,1347,1932
Rock 2,1300,1935
Rock 2,1319,1937
Rock 2,1304,1951
Rock 2,1293,1891
Rock 2,1294,1862
Rock 2,1300,1869
Rock 2,1306,1910
Rock 2,1319,1883
Rock 2,1327,1919
Rock 2,1389,1978
Rock 2,2169,2010
Rock 2,2145,2043
Rock 2,1385,1868
Rock 2,1422,1702
Rock 2,1379,812
Rock 2,1418,1095
Rock 2,1392,1159
Rock 2,1938,1287
Rock 2,2050,1449
Rock 2,2021,1578
Rock 2,2003,1702
Rock 2,2044,1657
Rock 2,2069,1697
Rock 2,2076,1611
Rock 2,2106,1650
Rock 2,2176,1720
Rock 2,2160,1819
Rock 2,2146,1956
Rock 2,2135,1918
Rock 2,2101,1895
Rock 2,2102,1831
Rock 2,2162,1817
Rock 2,2171,1932
Rock 2,2169,1957
Rock 2,2153,1981
Rock 2,2128,1903
Rock 2,2119,1878
Rock 2,2156,1899
Rock 2,2145,1889
Rock 2,2145,1930
Rock 2,2189,1759
Rock 2,2216,1680
Rock 2,2193,1640
Rock 2,2129,1753
Rock 2,2130,1700
Rock 2,2184,1744
Rock 2,2173,1695
Rock 2,2157,1653
Rock 2,2106,1705
Rock 2,2147,1793
Rock 2,2112,1839
Rock 2,2082,1791
Rock 2,1988,1421
Rock 2,2068,1526
Rock 2,2120,1536
Rock 2,2022,1184
Rock 2,2071,1242
Rock 2,2050,1280
Rock 2,2043,1332
Rock 2,2150,1304
Rock 2,2120,1393
Rock 2,2066,1349
Rock 2,2041,1278
Rock 2,2043,1204
Rock 2,2085,1313
Rock 2,2106,1402
Rock 2,2091,1483
Rock 2,2050,1417
Rock 2,2025,1503
Rock 2,2061,1063
Rock 2,1952,1133
Rock 2,1951,1127
Rock 2,1930,1017
Rock 2,1840,1073
Rock 2,1717,928
Rock 2,2106,1798
Rock 2,1994,1794
Rock 2,2110,1766
Rock 2,2098,1834
Rock 2,2155,1853
Rock 2,2183,1828
Rock 2,2166,1625
Rock 2,2137,1490
Rock 2,2113,1450
Rock 2,2090,1486
Rock 2,2147,1658
Rock 2,2181,1681
Rock 2,2085,2340
Rock 2,2165,2272
Rock 2,2108,2325
Rock 2,2118,2315
Rock 2,2147,2303
Rock 2,2157,2289
Rock 2,2171,2265
Rock 2,2176,2234
Rock 2,2180,2206
Rock 2,2183,2180
Rock 2,2183,2154
Rock 2,2188,2125
Rock 2,2190,2078
Rock 2,2192,2097
Rock 2,2194,2063
Rock 2,2193,2038
Rock 2,2194,2013
Rock 2,2197,1992
Rock 2,2199,1962
Rock 2,2191,1939
Rock 2,2187,1892
Rock 2,2188,1911
Rock 2,2186,1850
Rock 2,2184,1874
Rock 2,2192,1837
Rock 2,2221,1725
Rock 2,2224,1628
Rock 2,2198,1811
Rock 2,2198,1793
Rock 2,2172,1792
Rock 2,2154,1741
Rock 2,2124,1629
Rock 2,2189,1629
Rock 2,2195,1685
Rock 2,2170,1643
Rock 2,2183,1602
Rock 2,2180,1579
Rock 2,2173,1554
Rock 2,2199,1594
Rock 2,2136,1509
Rock 2,2105,1569
Rock 2,2154,1549
Rock 2,2162,1526
Rock 2,2161,1460
Rock 2,2176,1447
Rock 2,2155,1472
Rock 2,2111,1419
Rock 2,2124,1462
Rock 2,2157,1426
Rock 2,2165,1367
Rock 2,2157,1383
Rock 2,2147,1366
Rock 2,2141,1367
Rock 2,2084,1389
Rock 2,2164,1388
Rock 2,2175,1396
Rock 2,2149,1324
Rock 2,2165,1348
Rock 2,2114,1332
Rock 2,2106,1281
Rock 2,2070,1284
Rock 2,2145,1294
Rock 2,2126,1103
Rock 2,2179,1338
Rock 2,2165,1301
Rock 2,2167,1506
Rock 2,2153,1573
Rock 2,2148,1592
Rock 2,2149,1652
Rock 2,2095,1620
Rock 2,2261,1073
Rock 2,2171,1254
Rock 2,2173,1183
Big rock 2,2564,2096
Big rock 2,2564,2043
Big rock 2,2548,1940
Big rock 2,2566,1917
Big rock 2,2558,1986
Big rock 2,2563,1872
Big rock 2,2548,1820
Big rock 2,2547,1765
Big rock 2,2553,1713
Big rock 2,2553,1660
Big rock 2,1898,2048
Big rock 2,1784,2190
Big rock 2,1731,2093
Save,1806,550
Save,1811,541
Save,1784,571
Save,1770,592
Save,1760,609
Save,1745,635
Save,1731,660
Save,1715,683
Save,1692,700
Save,1676,767
Save,1674,717
Save,1674,749
Save,1674,782
Very big rock,1479,2350
Very big rock,1393,2311
Very big rock,1349,2252
Very big rock,1942,2448
Very big rock,1864,2431
Very big rock,1771,2394
Very big rock,1767,2466
Very big rock,1687,2372
Very big rock,1619,2339
Very big rock,1608,2401
Very big rock,1578,2234
Very big rock,1524,2265
Very big rock,1494,2174
Very big rock,1415,2219
Very big rock,1422,2122
Very big rock,2054,2195
Very big rock,1982,2343
Very big rock,1998,2234
Very big rock,1858,2321
Very big rock,1737,2235
Very big rock,1672,2228
Very big rock,1730,2279
Very big rock,1697,2131
Very big rock,1537,2064
Very big rock,1598,2135
Very big rock,1628,2010
Very big rock,1739,1959
Very big rock,1754,2040
Very big rock,1756,2145
Very big rock,1857,2162
Very big rock,1822,2223
Very big rock,1917,2079
Very big rock,1905,2234
Very big rock,2077,2091
Very big rock,2001,2137
Very big rock,1891,1990
Very big rock,1973,2155
Very big rock,1995,2020
Very big rock,1854,2057
Very big rock,1814,1924
Very big rock,1995,1840
Very big rock,2004,1923
Very big rock,1942,1843
Very big rock,1929,1921
Very big rock,1779,1851
Very big rock,2093,1965
Very big rock,2079,1873
Very big rock,2090,2000
Very big rock,2069,1774
Very big rock,1947,1773
Very big rock,1843,1825
Very big rock,1664,1892
Very big rock,1424,1994
Very big rock,1331,2139
Very big rock,1446,2059
Very big rock,1519,1972
Very big rock,1520,1889
Very big rock,1578,1842
Very big rock,1597,1907
Very big rock,1354,1856
Very big rock,1429,1818
Very big rock,1418,1919
Very big rock,1481,1819
Very big rock,1507,1768
Very big rock,1740,1821
Very big rock,1730,1763
Very big rock,1900,1742
Very big rock,1819,1729
Very big rock,1636,1770
Very big rock,1574,1686
Very big rock,1686,1667
Rock 2,2192,1786
Rock 2,2200,1763
Rock 2,2201,1746
Rock 2,2211,1778
Rock 2,2218,1746
Rock 2,2220,1709
Rock 2,2214,1721
Rock 2,2214,1683
Rock 2,2218,1652
Rock 2,2214,1627
Rock 2,2217,1607
Rock 2,2206,1567
Rock 2,2207,1580
Rock 2,2202,1539
Rock 2,2195,1544
Rock 2,2187,1495
Rock 2,2199,1510
Rock 2,2181,1490
Rock 2,2193,1520
Rock 2,2190,1461
Rock 2,2192,1474
Rock 2,2193,1431
Rock 2,2184,1425
Rock 2,2197,1404
Rock 2,2194,1394
Rock 2,2193,1369
Rock 2,2197,1326
Rock 2,2212,1091
Rock 2,2215,1098
Rock 2,2184,1136
Rock 2,2191,1162
Rock 2,2176,1192
Rock 2,2121,1218
Rock 2,2138,1205
Rock 2,2105,1185
Rock 2,2085,1213
Rock 2,2133,1245
Rock 2,2150,1284
Rock 2,2121,1306
Rock 2,1963,1050
Rock 2,2048,988
Rock 2,2031,1034
Rock 2,2099,1129
Rock 2,2214,1120
Rock 2,2212,1139
Rock 2,2171,1225
Rock 2,2186,1325
Rock 2,2190,1354
Rock 2,2195,1287
Rock 2,2208,1271
Rock 2,2208,1245
Rock 2,2201,1248
Rock 2,2203,1304
Rock 2,2194,1262
Rock 2,2219,1213
Rock 2,2217,1233
Rock 2,2213,1208
Rock 2,2226,1194
Rock 2,2232,1165
Rock 2,2212,1147
Rock 2,2161,1175
Rock 2,2143,1059
Rock 2,2130,1087
Rock 2,2112,1098
Rock 2,2131,1156
Rock 2,2099,1048
Rock 2,2109,1145
Rock 2,2083,1103
Rock 2,2073,1027
Rock 2,2027,1079
Rock 2,2053,1061
Rock 2,2128,979
Rock 2,2245,977
Rock 2,2241,1040
Rock 2,2211,1066
Rock 2,2171,1116
Rock 2,2241,1116
Rock 2,2181,1081
Rock 2,2182,1031
Rock 2,2276,945
Rock 2,2272,961
Rock 2,2198,977
Rock 2,2130,1004
Rock 2,2167,1019
Rock 2,2184,1007
Rock 2,2193,994
Rock 2,2188,1042
Rock 2,2157,1039
Rock 2,2126,1010
Rock 2,2157,955
Rock 2,2214,1031
Rock 2,2225,982
Rock 2,2268,996
Rock 2,2244,944
Rock 2,2192,975
Rock 2,2180,916
Rock 2,2215,926
Rock 2,2177,942
Rock 2,2119,902
Rock 2,2121,930
Rock 2,2141,902
Rock 2,2087,906
Rock 1,2082,906
Rock 1,2120,927
Rock 1,2154,950
Rock 1,2093,988
Rock 1,1889,1001
Rock 1,1950,1023
Rock 1,2031,1033
Rock 1,1821,1032
Rock 1,1705,1011
Rock 1,1588,961
Rock 1,1434,879
Rock 1,1416,911
Rock 1,1773,1026
Rock 1,1855,1005
Rock 1,1928,946
Rock 1,1947,940
Rock 1,2064,936
Rock 1,2098,934
Rock 1,2047,940
Rock 1,2020,947
Rock 1,2056,954
Rock 1,2047,926
Rock 1,2009,918
Rock 1,2012,972
Rock 1,2060,970
Rock 1,2044,906
Rock 1,2075,905
Rock 1,2013,899
Rock 1,1986,903
Rock 1,1951,911
Rock 1,1874,955
Rock 1,1922,963
Rock 1,1916,900
Rock 1,1866,933
Rock 1,1843,932
Rock 1,1876,938
Rock 1,1413,558
Rock 1,1483,569
Rock 1,1492,578
Rock 1,1480,631
Rock 1,1553,850
Rock 1,1597,850
Rock 1,1635,893
Rock 1,1688,878
Rock 1,1739,886
Rock 1,1694,896
Rock 1,1711,911
Rock 1,1752,924
Rock 1,1927,977
Rock 1,1959,967
Rock 1,1963,912
Rock 1,1937,922
Rock 1,1881,894
Rock 1,1895,911
Rock 1,1859,909
Rock 1,1904,980
Rock 1,1889,955
Rock 1,1865,960
Rock 1,1816,939
Rock 1,1837,891
Rock 1,1813,893
Rock 1,1808,924
Rock 1,1825,970
Rock 1,1796,1009
Rock 1,1794,969
Rock 1,1834,928
Rock 1,1796,874
Rock 1,1768,878
Rock 1,1782,922
Rock 1,1765,855
Rock 1,1752,885
Rock 1,1740,924
Rock 1,1764,985
Rock 1,1728,950
Rock 1,1720,992
Rock 1,1586,948
Rock 1,1550,941
Rock 1,1496,956
Rock 1,1718,957
Rock 1,1688,974
Rock 1,1656,964
Rock 1,1621,914
Rock 1,1671,885
Rock 1,1744,852
Rock 1,1770,910
Rock 1,1719,902
Rock 1,1712,873
Rock 1,1716,849
Rock 1,1688,862
Rock 1,1690,922
Rock 1,1679,931
Rock 1,1670,880
Rock 1,1676,838
Rock 1,1643,868
Rock 1,1646,913
Rock 1,1637,839
Rock 1,1637,839
Rock 1,1616,838
Rock 1,1613,873
Rock 1,1594,908
Rock 1,1596,856
Rock 1,1576,833
Rock 1,1540,869
Rock 1,1502,846
Rock 1,1516,845
Rock 1,1525,887
Rock 1,1438,837
Rock 1,1490,852
Rock 1,1579,849
Rock 1,1580,879
Rock 1,1553,858
Rock 1,1533,835
Rock 1,1534,835
Rock 1,1537,833
Rock 1,1539,826
Rock 1,1484,816
Rock 1,1451,698
Rock 1,1425,784
Rock 1,1487,775
Rock 1,1460,798
Rock 1,1493,811
Rock 1,2193,921
Rock 1,2257,920
Rock 1,2272,927
Rock 1,2239,1002
Rock 1,2243,1026
Rock 1,2236,1074
Rock 1,2235,1137
Rock 1,2253,1088
Rock 1,2271,1037
Rock 1,2270,1052
Rock 1,2277,1015
Rock 1,2265,1061
Rock 1,2265,1011
Rock 1,2310,933
Rock 1,2289,985
Rock 1,2276,973
Rock 1,2304,906
Rock 1,2279,911
Rock 1,2278,995
Rock 1,2299,944
Rock 1,2305,929
Rock 1,2316,915
Rock 1,2302,962
Rock 1,2305,918
Rock 1,2319,902
Grass rock 1,1941,877
Grass rock 1,2317,884
Grass rock 1,2089,877
Grass rock 1,2297,882
Grass rock 1,2270,884
Grass rock 1,2245,887
Grass rock 1,2217,887
Grass rock 2,2188,885
Grass rock 2,2159,884
Grass rock 2,2135,880
Grass rock 2,2103,880
Grass rock 2,2083,878
Grass rock 2,2058,878
Grass rock 2,2027,879
Grass rock 2,1996,881
Grass rock 2,1969,880
Grass rock 2,1940,876
Grass rock 2,1916,874
Grass rock 2,1889,873
Grass rock 2,1863,870
Grass rock 2,1871,875
Grass rock 2,1782,825
Grass rock 2,1797,845
Grass rock 2,1825,862
Grass rock 2,1819,856
Grass rock 2,1838,866
Grass rock 2,1813,852
Grass rock 2,1791,842
Grass rock 2,1783,824
Grass rock 2,1768,821
Grass rock 2,1740,817
Grass rock 2,1708,816
Grass rock 2,1682,814
Grass rock 2,1653,809
Grass rock 2,1520,785
Grass rock 2,1626,807
Grass rock 2,1599,804
Grass rock 2,1574,801
Grass rock 2,1531,789
Grass rock 2,1544,796
Rock 2,1736,823
Rock 2,1731,821
Rock 2,1703,819
Rock 2,1677,816
Rock 2,1653,815
Rock 2,1631,812
Rock 2,1606,809
Rock 2,1586,807
Rock 2,1567,808
Rock 2,1542,805
Rock 2,1527,797
Rock 2,2059,-52
Rock 2,2095,-136
Rock 2,2083,-173
Rock 2,2084,-145
Rock 2,2061,-118
Rock 2,2064,-176
Rock 2,2061,-187
Rock 2,2020,-220
Rock 2,1990,-215
Rock 2,2064,-251
Rock 2,2062,-308
Rock 2,2056,-323
Rock 2,2045,-356
Rock 2,2047,-311
Rock 2,2046,-314
Rock 2,2026,-320
Rock 2,1994,-310
Rock 2,2055,-365
Rock 2,1994,-362
Rock 2,1983,-403
Rock 2,1962,-390
Rock 2,1909,-471
Rock 2,1897,-452
Rock 2,1960,-333
Rock 2,1949,-365
Rock 2,1940,-395
Rock 2,1977,-233
Rock 2,1970,-247
Rock 2,1961,-294
Rock 2,1976,-258
Rock 2,1970,-206
Rock 2,2008,2
Rock 2,2036,323
Rock 2,2020,343
Rock 2,1988,362
Rock 2,1975,366
Rock 2,1977,375
Rock 2,2015,419
Rock 2,2030,429
Rock 2,1991,413
Rock 2,2063,418
Rock 2,2023,450
Rock 2,1898,488
Rock 2,1965,480
Rock 2,1939,474
Rock 2,1978,466
Rock 2,1934,502
Rock 2,1920,472
Rock 2,2063,221
Rock 2,2016,258
Rock 2,2074,316
Rock 2,2064,256
Rock 2,1967,211
Rock 2,2000,-60
Rock 2,2006,15
Rock 2,2002,-221
Rock 2,1965,-217
Rock 2,1966,-191
Rock 2,1952,-120
Rock 2,1957,-166
Rock 2,1988,-129
Rock 2,1966,-172
Rock 2,2010,-174
Rock 2,2020,-137
Rock 2,2049,-108
Rock 2,2089,-93
Rock 2,2052,-159
Rock 2,2035,-147
Rock 2,1980,-115
Rock 2,1951,-72
Rock 2,1971,-135
Rock 2,1946,-107
Rock 2,1953,-54
Rock 2,1954,-107
Rock 2,2104,-54
Rock 2,2077,1
Rock 2,2061,28
Rock 2,2020,-30
Rock 2,2031,-50
Rock 2,1963,-54
Rock 2,1988,-82
Rock 2,1960,-24
Rock 2,1948,-14
Rock 2,1981,48
Rock 2,1992,19
Rock 2,1969,-15
Rock 2,1961,7
Rock 2,1943,16
Rock 2,1937,46
Rock 2,2015,51
Rock 2,1959,66
Rock 2,1966,82
Rock 2,2036,137
Rock 2,2005,147
Rock 2,2030,124
Rock 2,2029,171
Rock 2,1994,186
Rock 2,2011,208
Rock 2,1990,279
Rock 2,1953,269
Rock 2,1975,185
Rock 2,1958,170
Rock 2,1970,135
Rock 2,1963,104
Rock 2,2005,89
Rock 2,1995,123
Rock 2,1985,144
Rock 2,1978,261
Rock 2,1997,226
Rock 2,1938,165
Rock 2,1935,208
Rock 2,1946,189
Rock 2,1968,253
Rock 2,1956,256
Rock 2,1975,312
Rock 2,1947,270
Rock 2,2017,284
Rock 2,1970,306
Rock 2,1888,318
Rock 2,1881,259
Rock 2,1881,306
Rock 2,2013,300
Rock 2,1951,255
Rock 2,1981,264
Rock 2,1984,317
Rock 2,1966,337
Rock 2,1920,310
Rock 2,1935,385
Rock 2,1958,388
Rock 2,1994,432
Rock 2,2003,469
Rock 2,2011,514
Rock 2,2039,547
Rock 2,1978,552
Rock 2,1950,518
Rock 2,1990,516
Rock 2,1981,562
Rock 2,1995,497
Rock 2,1961,405
Rock 2,1946,429
Rock 2,1989,429
Rock 2,1953,-308
Rock 2,1906,-444
Rock 2,1916,-418
Rock 2,1920,-397
Rock 2,1925,-375
Rock 2,1927,-344
Rock 2,1930,-295
Rock 1,1936,-255
Rock 1,1939,-255
Rock 1,1940,-273
Rock 1,1929,-318
Rock 1,1930,-228
Rock 1,1931,-281
Rock 1,1939,-242
Rock 1,1929,-193
Rock 1,1925,-163
Rock 1,1926,-144
Rock 1,1924,-115
Rock 1,1920,-106
Rock 1,1919,-83
Rock 1,1919,-55
Rock 1,1922,-27
Rock 1,1923,37
Rock 1,1931,40
Rock 1,1923,1
Rock 1,1921,24
Rock 1,1924,59
Rock 1,1930,82
Rock 1,1930,113
Rock 1,1931,134
Rock 1,1925,154
Rock 1,1910,217
Rock 1,1926,245
Rock 1,1932,302
Rock 1,1974,294
Rock 1,1944,242
Rock 1,1923,258
Rock 1,1917,285
Rock 1,1932,329
Rock 1,1973,458
Rock 1,1987,358
Rock 1,1935,363
Rock 1,1928,404
Rock 1,1947,406
Rock 1,1933,452
Point,1807,354
Point,1849,296
Point,1680,617
Point,1678,545
Point,1678,484
Rock 2,1352,927
Rock 2,1370,988
Rock 2,1373,1100
Rock 2,1339,1124
Rock 2,1401,1233
Rock 2,1401,1239
Rock 2,1396,1349
Rock 2,1408,1386
Rock 2,1383,1424
Rock 2,1355,1475
Rock 2,1399,1458
Rock 2,1385,1504
Rock 2,1406,1600
Rock 2,1409,1769
Rock 2,1381,1707
Rock 2,1391,1706
Rock 2,1391,1657
Rock 2,1309,1555
Rock 2,1319,1587
Rock 2,1397,1579
Rock 2,1353,1516
Rock 2,1361,1560
Rock 2,1317,1597
Rock 2,1343,1605
Rock 2,1320,1624
Rock 2,1346,1654
Rock 2,1317,1674
Rock 2,1310,1720
Rock 2,1395,1792
Rock 2,1358,1841
Rock 2,1331,1878
Rock 2,1362,1860
Rock 2,1346,1804
Rock 2,1352,1749
Rock 2,1319,1699
Rock 2,1311,1742
Rock 2,1301,1791
Rock 2,1321,1815
Rock 2,1318,1892
Rock 2,1312,1869
Rock 2,1301,1819
Rock 2,1303,1850
Rock 2,1281,1837
Rock 2,1282,1766
Rock 2,1275,1811
Rock 2,1274,1783
Rock 2,1281,1744
Rock 2,1278,1740
Rock 2,1278,1724
Rock 2,1279,1704
Rock 2,1284,1678
Rock 2,1283,1652
Rock 2,1288,1618
Rock 2,1284,1623
Rock 2,1280,1566
Rock 2,1340,1439
Rock 2,1331,1397
Rock 2,1349,1328
Rock 2,1309,1424
Rock 2,1335,1394
Rock 2,1352,1184
Rock 2,1354,1156
Rock 2,1363,1074
Rock 2,1344,1093
Rock 2,1328,1132
Rock 2,1329,1160
Rock 2,1335,1286
Rock 2,1284,1263
Rock 2,1306,1234
Rock 2,1292,1182
Rock 2,1323,1323
Rock 2,1344,1306
Rock 2,1391,1282
Rock 2,1302,1292
Rock 2,1301,1324
Rock 2,1298,1356
Rock 2,1301,1385
Rock 2,1317,1430
Rock 2,1313,1482
Rock 2,1302,1503
Rock 2,1317,1541
Rock 2,1308,1458
Rock 2,1320,1514
Rock 2,1285,1560
Rock 2,1323,1108
Rock 2,1362,1225
Rock 2,1348,1241
Rock 2,1308,1226
Rock 2,1349,1354
Rock 2,1348,1281
Rock 2,1352,1197
Rock 2,237,617
Rock 2,153,627
Rock 2,152,631
Rock 2,182,692
Rock 2,139,731
Rock 2,201,824
Rock 2,1310,1093
Rock 2,1316,1178
Rock 2,1301,1139
Rock 2,1347,855
Rock 2,1314,888
Rock 2,1324,943
Rock 2,1318,1028
Rock 2,1429,774
Rock 2,1399,673
Rock 2,1400,652
Rock 2,1387,701
Rock 2,1378,687
Rock 2,1340,698
Rock 2,1327,788
Rock 2,1285,764
Rock 2,1294,893
Rock 2,1308,949
Rock 2,1282,1005
Rock 2,1309,1092
Rock 2,1277,1080
Rock 2,1297,1529
Rock 2,1286,1583
Rock 2,1276,1537
Rock 2,1278,1514
Rock 2,1282,1484
Rock 2,1280,1453
Rock 2,1280,1419
Rock 2,1275,1397
Rock 2,1266,1369
Rock 2,1347,919
Rock 2,1340,982
Rock 2,1326,1019
Rock 2,1321,1065
Rock 2,1271,1089
Rock 2,1273,1071
Rock 2,1280,1112
Rock 1,1982,509
Rock 1,1974,482
Rock 1,1940,488
Rock 1,1949,523
Rock 1,1957,503
Rock 1,1950,559
Rock 1,1967,568
Rock 1,1959,527
Rock 1,1917,531
Rock 1,1917,509
Rock 1,1920,475
Rock 1,1922,521
Rock 1,1938,551
Rock 1,1918,557
Rock 1,1904,548
Rock 1,1887,540
Rock 1,1860,538
Rock 1,1846,499
Rock 1,1884,504
Rock 1,1887,524
Rock 1,1887,489
Rock 1,1849,472
Rock 1,1850,484
Rock 1,1793,494
Rock 1,1807,504
Rock 1,1844,533
Rock 1,1860,531
Rock 1,1859,524
Rock 1,1864,489
Rock 1,1850,507
Rock 1,1825,520
Rock 1,1816,494
Rock 1,1475,504
Rock 1,1490,540
Rock 1,1465,599
Rock 1,1464,707
Rock 1,1432,795
Rock 1,1398,778
Rock 1,1413,850
Rock 1,1506,811
Rock 1,1472,751
Rock 1,1506,771
Rock 1,1467,782
Rock 1,1434,744
Rock 1,1470,730
Rock 1,1441,637
Rock 1,1457,717
Rock 1,1443,675
Rock 1,1484,661
Rock 1,1486,606
Rock 1,1482,544
Rock 1,1458,602
Rock 1,1427,641
Rock 1,1444,561
Rock 1,1416,595
Rock 1,1353,607
Rock 1,1327,644
Rock 1,1331,687
Rock 1,1341,831
Rock 1,1344,769
Rock 1,1366,690
Rock 1,1311,717
Rock 1,1280,704
Rock 1,1305,805
Rock 1,1288,834
Rock 1,1295,878
Rock 1,1284,944
Rock 1,1303,1037
Rock 1,1291,991
Rock 1,1257,990
Rock 1,1264,1017
Rock 1,1270,1056
Rock 1,1305,1266
Rock 1,1283,1311
Rock 1,1281,1350
Rock 1,1266,1352
Rock 1,1262,1329
Rock 1,1260,1298
Rock 1,1262,1256
Rock 1,1260,1269
Rock 1,1266,1269
Rock 1,1266,1235
Rock 1,1268,1206
Rock 1,1285,1215
Rock 1,1270,1158
Rock 1,1276,1157
Rock 1,1257,1119
Rock 1,1271,1180
Rock 1,1266,1131
Rock 1,1242,1096
Rock 1,1248,1111
Rock 1,1238,1076
Rock 1,1248,1070
Rock 1,1230,1046
Rock 1,1230,1030
Rock 1,1317,854
Rock 1,1324,947
Rock 1,1292,920
Rock 1,1277,981
Rock 1,1478,588
Rock 1,1459,621
Rock 1,1400,647
Rock 1,1381,740
Rock 1,1303,601
Rock 1,1278,597
Rock 1,1288,637
Rock 1,1285,690
Rock 1,1309,746
Rock 1,1283,786
Rock 1,1290,813
Rock 1,1341,736
Rock 1,1237,838
Rock 1,1237,897
Rock 1,1265,847
Rock 1,1232,916
Rock 1,1262,913
Rock 1,1270,973
Rock 1,1274,971
Rock 1,1227,1011
Rock 1,1504,468
Rock 1,1517,520
Rock 1,1476,664
Rock 1,1473,699
Rock 1,1480,715
Rock 1,1470,636
Rock 1,1485,533
OneUp,1779,247
Rock 1,1500,747
Rock 1,1517,786
Rock 1,1495,739
Rock 1,1508,756
Rock 1,1499,719
Rock 1,1497,699
Rock 1,1500,672
Rock 1,1510,646
Rock 1,1518,609
Rock 1,1512,614
Rock 1,1529,570
Rock 1,1527,481
Rock 1,1458,534
Rock 1,1353,505
Rock 1,1360,553
Rock 1,1310,499
Rock 1,1266,530
Rock 1,1288,538
Rock 1,1241,586
Rock 1,1243,613
Rock 1,1262,686
Rock 1,1263,739
Rock 1,1261,786
Rock 1,1266,840
Rock 1,1261,878
Rock 1,1262,924
Rock 1,1255,978
Rock 1,1511,528
Rock 1,1505,507
Rock 1,1504,568
Rock 1,1509,619
Rock 1,1524,584
Rock 1,1524,576
Rock 1,1532,550
Rock 1,1529,537
Rock 1,1530,506
Rock 1,1533,485
Rock 1,1546,460
Rock 1,1574,446
Rock 1,1525,463
Rock 1,1461,475
Rock 1,1477,513
Rock 1,1485,480
Rock 1,1458,453
Rock 1,1443,495
Rock 1,1364,464
Rock 1,1341,488
Rock 1,1398,544
Rock 1,1429,478
Rock 1,1382,463
Rock 1,1426,471
Rock 1,1474,456
Rock 1,1508,450
Rock 1,1529,434
Rock 1,1553,447
Rock 1,1395,487
Rock 1,1375,532
Rock 1,1311,538
Rock 1,1308,578
Rock 1,1244,641
Rock 1,1248,562
Rock 1,1273,505
Rock 1,1237,533
Rock 1,1222,579
Rock 1,1230,515
Rock 1,1244,502
Rock 1,1312,472
Rock 1,1352,461
Rock 1,1453,439
Rock 1,1414,444
Rock 1,1479,442
Rock 1,1420,436
Rock 1,1359,453
Rock 1,1297,473
Rock 1,1313,447
Rock 1,1368,428
Rock 1,1393,436
Rock 1,1331,428
Rock 1,1331,439
Rock 1,1276,480
Rock 1,1291,436
Rock 1,1345,417
Rock 1,1291,411
Rock 1,1252,489
Rock 1,1231,464
Rock 1,1211,500
Rock 1,1205,559
Rock 1,1245,643
Rock 1,1250,694
Rock 1,1267,770
Rock 1,1252,825
Rock 1,1254,973
Rock 1,1225,971
Rock 1,1227,989
Rock 1,1236,875
Rock 1,1239,891
Rock 1,1235,947
Rock 1,1230,934
Rock 1,1237,935
Rock 1,1248,907
Rock 1,1240,843
Rock 1,1235,861
Rock 1,1241,806
Rock 1,1151,448
Rock 1,1209,535
Rock 1,1257,464
Rock 1,1206,480
Rock 1,1208,531
Death,1213,1019
Death,1186,1020
Death,1197,1019
Death,1162,1020
Death,1134,1020
Death,1103,1020
Death,1074,1019
Death,1045,1020
Death,1017,1019
Death,988,1019
Death,964,1021
Death,938,1019
Death,914,1022
Death,889,1020
Death,870,1021
Death,841,1021
Death,814,1022
Death,790,1021
Death,763,1018
Death,733,1019
Death,703,1018
Death,678,1018
Death,650,1017
Death,625,1017
Death,597,1016
Death,572,1014
Death,545,1016
Death,518,1014
Death,491,1013
Death,461,1014
Death,438,1012
Very big rock,-43,1864
Very big rock,126,1837
Very big rock,17,1818
Very big rock,-115,1833
Very big rock,-177,1758
Very big rock,-257,1735
Very big rock,-357,1682
Very big rock,-241,1634
Very big rock,-319,1404
Very big rock,-307,1342
Very big rock,-232,1528
Very big rock,-274,1519
Very big rock,-263,1177
Very big rock,-285,1268
Very big rock,-268,1087
Very big rock,-224,1430
Very big rock,-186,1382
Very big rock,-162,1285
Rock 2,266,1028
Rock 2,263,1028
Rock 2,353,1110
Rock 2,249,1164
Rock 2,299,1210
Rock 2,327,1265
Rock 2,306,1262
Rock 2,287,1325
Rock 2,331,1329
Rock 2,271,1387
Rock 2,368,1391
Rock 2,356,1430
Rock 2,332,1414
Rock 2,244,1467
Rock 2,319,1529
Rock 2,334,1525
Rock 2,336,1504
Rock 2,327,1631
Rock 2,326,1580
Rock 2,313,1672
Rock 2,279,1703
Rock 2,246,1676
Rock 2,259,1552
Rock 2,223,1622
Rock 2,287,1651
Rock 2,341,1473
Rock 2,350,1503
Rock 2,364,1533
Rock 2,340,1578
Rock 2,328,1562
Rock 2,305,1565
Rock 2,290,1590
Rock 2,343,1596
Rock 2,340,1625
Rock 2,321,1640
Rock 2,271,1640
Rock 2,343,1656
Rock 2,340,1691
Rock 2,325,1719
Rock 2,302,1751
Rock 2,294,1726
Rock 2,256,1821
Rock 2,247,1756
Rock 2,306,1711
Rock 2,318,1760
Rock 2,289,1790
Rock 2,293,1819
Rock 2,286,1850
Rock 2,190,1764
Rock 2,304,1787
Rock 2,310,1829
Rock 2,304,1868
Rock 2,343,1890
Rock 2,339,1855
Rock 2,329,1810
Rock 2,343,1827
Rock 2,332,1867
Rock 2,350,1825
Rock 2,350,1793
Rock 2,338,1786
Rock 2,354,1750
Rock 2,355,1766
Rock 2,359,1726
Rock 2,339,1749
Rock 2,357,1705
Rock 2,390,1634
Rock 2,374,1689
Rock 2,403,1624
Rock 2,379,1672
Rock 2,389,1389
Rock 2,397,1432
Rock 2,380,1470
Rock 2,356,1476
Rock 2,345,1450
Rock 2,298,1518
Rock 2,324,1469
Rock 2,314,1425
Rock 2,300,1441
Rock 2,356,1445
Rock 2,265,1434
Rock 2,323,1473
Rock 2,343,1399
Rock 2,406,1427
Rock 2,391,1463
Rock 2,403,1511
Rock 2,399,1545
Rock 2,364,1598
Rock 2,386,1549
Rock 2,384,936
Rock 2,380,974
Rock 2,379,1075
Rock 2,381,1238
Rock 2,380,1179
Rock 2,396,1267
Rock 2,391,1327
Rock 2,399,1337
Rock 2,411,1378
Rock 2,371,1496
Rock 2,383,1412
Rock 2,366,1560
Rock 2,353,1661
Rock 2,367,1611
Rock 1,381,1647
Rock 1,373,1620
Rock 1,381,1655
Rock 1,389,1596
Rock 1,378,1672
Rock 1,397,1611
Rock 1,404,1609
Rock 1,406,1584
Rock 1,412,1576
Rock 1,420,1571
Rock 1,420,1545
Rock 1,419,1497
Rock 1,420,1524
Rock 1,416,1475
Rock 1,431,1440
Rock 1,422,1470
Rock 1,429,1421
Rock 1,430,1195
Rock 1,323,1292
Rock 1,337,1241
Rock 1,413,1293
Rock 1,374,1340
Rock 1,396,1337
Rock 1,341,1356
Rock 1,347,1385
Rock 1,355,1321
Rock 1,318,1380
Rock 1,373,1293
Rock 1,372,1265
Rock 1,339,1289
Rock 1,405,1267
Rock 1,408,1326
Rock 1,413,1415
Rock 1,419,1362
Rock 1,417,1312
Rock 1,378,1374
Rock 1,392,1357
Rock 1,430,1401
Rock 1,433,1375
Rock 1,439,1352
Rock 1,264,803
Rock 1,300,772
Rock 1,307,1051
Rock 1,259,1122
Rock 1,384,1310
Rock 1,441,1323
Rock 1,443,1312
Rock 1,449,1290
Rock 1,448,1274
Rock 1,435,1223
Rock 1,428,1292
Rock 1,439,1248
Rock 1,400,1221
Rock 1,428,1243
Rock 1,425,1228
Rock 1,372,1063
Rock 1,391,1193
Rock 1,387,1247
Rock 1,312,1178
Rock 1,372,1208
Rock 1,366,1247
Rock 1,321,1231
Rock 1,343,1200
Rock 1,295,1141
Rock 1,354,1177
Rock 1,388,1223
Rock 1,400,1187
Rock 1,351,1144
Rock 1,347,1199
Rock 1,380,1172
Rock 1,338,1104
Rock 1,372,1129
Rock 1,357,1047
Rock 1,392,1098
Rock 1,399,1150
Rock 1,424,1198
Rock 1,430,1172
Rock 1,424,1159
Rock 1,423,1143
Rock 1,421,1113
Rock 1,419,1096
Rock 1,415,1091
Rock 1,385,1095
Rock 1,404,757
Rock 1,415,842
Rock 1,410,783
Rock 1,410,938
Rock 1,427,1068
Rock 1,410,1055
Rock 1,354,1030
Rock 1,346,1062
Rock 1,299,1115
Rock 1,342,1084
Rock 1,319,1135
Rock 1,277,1125
Rock 1,356,1041
Rock 1,339,1012
Rock 1,305,1043
Rock 1,270,1006
Rock 1,319,998
Rock 1,295,1034
Rock 1,299,975
Rock 1,241,983
Rock 1,268,932
Rock 1,326,902
Rock 1,339,947
Rock 1,360,926
Rock 1,387,896
Rock 1,385,853
Rock 1,306,831
Rock 1,79,33
Rock 1,120,-67
Rock 1,128,-105
Rock 1,122,-158
Rock 1,166,-206
Rock 1,183,-239
Rock 1,203,-255
Rock 1,207,-234
Rock 1,210,-212
Rock 1,189,-211
Rock 1,167,-171
Rock 1,170,-86
Rock 1,174,-17
Rock 1,205,-112
Rock 1,213,-146
Rock 1,206,-168
Rock 1,173,-129
Rock 1,171,-63
Rock 1,167,-96
Rock 1,201,-134
Rock 1,198,-121
Rock 1,153,-69
Rock 1,116,-24
Rock 1,249,729
Rock 1,213,691
Rock 1,276,761
Rock 1,260,839
Rock 1,296,901
Rock 1,309,974
Rock 1,318,937
Rock 1,299,871
Rock 1,288,947
Rock 1,356,964
Rock 1,351,802
Rock 1,361,829
Rock 1,384,796
Rock 1,350,841
Rock 1,344,749
Rock 1,328,835
Rock 1,298,731
Rock 1,309,675
Rock 1,320,563
Rock 1,368,765
Rock 1,407,732
Rock 1,424,1048
Very big rock,1291,1463
Very big rock,1286,1611
Very big rock,242,1694
Very big rock,220,1796
Very big rock,318,1469
Very big rock,270,1581
Very big rock,117,1728
Very big rock,219,1662
Very big rock,189,1723
Very big rock,53,1716
Very big rock,-138,1645
Very big rock,-49,1655
Very big rock,-125,1532
Very big rock,-50,1719
Very big rock,-45,1508
Very big rock,-120,1381
Very big rock,-106,1437
Very big rock,-58,1570
Very big rock,43,1625
Very big rock,47,1536
Very big rock,82,1411
Very big rock,57,1390
Very big rock,-13,1430
Very big rock,-30,1330
Very big rock,-94,1305
Very big rock,52,1292
Very big rock,164,1303
Very big rock,245,1260
Very big rock,203,1373
Very big rock,165,1497
Very big rock,168,1622
Very big rock,229,1559
Very big rock,282,1467
Very big rock,327,1364
Very big rock,324,1144
Very big rock,301,1358
Very big rock,338,1254
Very big rock,1473,1649
Very big rock,1458,1752
Very big rock,1406,1622
Very big rock,1359,1714
Very big rock,1326,1794
Very big rock,1281,1712
Very big rock,1323,1629
Very big rock,1285,1501
Very big rock,1303,1555
Very big rock,1301,1410
Very big rock,319,1061
Very big rock,299,1156
Very big rock,156,1136
Very big rock,-32,1212
Very big rock,97,1206
Very big rock,-226,984
Very big rock,-147,1123
Very big rock,-61,1065
Very big rock,-153,1171
Very big rock,53,1096
Very big rock,-66,1111
Very big rock,-143,1037
Very big rock,-63,1026
Very big rock,-83,944
Very big rock,-176,909
Very big rock,-260,889
Very big rock,-129,956
Very big rock,-185,796
Very big rock,-128,851
Very big rock,-265,770
Very big rock,50,1022
Very big rock,74,999
Rock 1,326,835
Rock 1,331,784
Rock 1,1241,764
Rock 1,1176,505
Rock 1,1180,581
Rock 1,1183,567
Rock 1,1183,557
Rock 2,343,485
Rock 2,268,482
Point,931,355
Very big rock,3999,1073
Very big rock,3928,1089
Very big rock,3816,1070
Very big rock,3803,1093
Very big rock,3743,1166
Very big rock,3654,1227
Very big rock,3616,1313
Very big rock,3640,1111
Very big rock,3707,1047
Very big rock,3580,1120
Very big rock,3903,964
Very big rock,3990,968
Very big rock,3480,1344
Very big rock,3544,1244
Very big rock,3494,1141
Very big rock,3529,1144
Very big rock,3624,1022
Very big rock,3877,973
Very big rock,3796,962
Very big rock,3680,947
Very big rock,3599,957
Very big rock,3529,1024
Very big rock,3530,970
Very big rock,3492,903
Very big rock,3544,863
Very big rock,3485,977
Very big rock,3389,1075
Very big rock,3387,869
Very big rock,3368,942
Very big rock,3491,783
Very big rock,3414,750
Very big rock,3411,794
Very big rock,3475,1098
Very big rock,3373,1204
Very big rock,3451,1233
Very big rock,3410,1275
Very big rock,3344,1404
Very big rock,3387,1368
Very big rock,3345,1319
Very big rock,3250,1478
Very big rock,3321,1233
Very big rock,3364,1015
Very big rock,3376,1142
Very big rock,3173,1082
Very big rock,3303,1114
Very big rock,2394,-414
Very big rock,2218,-468
Very big rock,2125,-448
Very big rock,2318,-463
Very big rock,2426,-353
Very big rock,2535,-404
Very big rock,2533,-371
Very big rock,2512,-311
Very big rock,2490,-190
Very big rock,2460,-236
Very big rock,2192,-15
Very big rock,2082,-485
Very big rock,2009,-541
Very big rock,1913,-533
Very big rock,1931,-435
Very big rock,2048,-460
Very big rock,2007,-384
Very big rock,1932,-216
Very big rock,1943,-320
Very big rock,2085,-340
Very big rock,2206,-319
Very big rock,2200,-379
Very big rock,2303,-350
Very big rock,2335,-239
Very big rock,2098,-163
Very big rock,2243,-246
Very big rock,2077,-108
Very big rock,2019,-273
Very big rock,2129,-240
Very big rock,2174,-130
Very big rock,2224,-205
Very big rock,2262,-94
Very big rock,2349,-138
Very big rock,2392,-191
Very big rock,2439,-94
Very big rock,2351,-14
Very big rock,2422,-12
Very big rock,2349,65
Very big rock,2286,-6
Very big rock,2238,96
Very big rock,2211,232
Very big rock,2309,143
Very big rock,2049,259
Very big rock,2290,242
Very big rock,2167,350
Very big rock,2273,344
Very big rock,2161,207
Very big rock,2262,133
Very big rock,2121,132
Very big rock,2141,307
Very big rock,2132,272
Very big rock,1993,425
Very big rock,2090,409
Very big rock,2026,364
Very big rock,2132,71
Very big rock,2159,-40
Very big rock,2051,23
Very big rock,2080,-38
Very big rock,2045,136
Very big rock,2040,235
Very big rock,2079,230
Very big rock,1942,362
Very big rock,1936,307
Very big rock,1922,225
Very big rock,2034,-160
Very big rock,1992,-87
Very big rock,1932,-127
Very big rock,1932,-45
Very big rock,1939,51
Very big rock,1934,174
Very big rock,2920,1657
Very big rock,3001,1698
Very big rock,3062,1635
Very big rock,3118,1565
Very big rock,3229,1418
Very big rock,3198,1511
Very big rock,3175,1303
Very big rock,3252,1224
Very big rock,3256,1030
Very big rock,3321,927
Very big rock,3232,951
Very big rock,3223,1117
Very big rock,3309,841
Very big rock,3232,864
Very big rock,3188,1015
Very big rock,3165,1180
Very big rock,3149,1219
Very big rock,3116,1350
Very big rock,3231,1351
Very big rock,3119,1438
Very big rock,3052,1555
Very big rock,3005,1501
Very big rock,2971,1582
Very big rock,2960,1414
Very big rock,3011,1400
Very big rock,3096,1288
Very big rock,3025,1214
Very big rock,2873,1338
Very big rock,2973,1316
Very big rock,2872,1582
Very big rock,2882,1481
Very big rock,2868,1392
Very big rock,3096,1081
Very big rock,3039,1132
Very big rock,2929,1229
Very big rock,3291,742
Very big rock,3236,762
Very big rock,3146,758
Very big rock,3146,838
Very big rock,3120,897
Very big rock,3106,939
Very big rock,3062,1009
Very big rock,2999,1057
Very big rock,2961,1101
Very big rock,2901,1130
Very big rock,2846,1263
Very big rock,2832,1212
Very big rock,2822,1151
Big rock 1,2850,1192
Big rock 1,2841,1145
Big rock 1,2832,1094
Big rock 1,2821,1098
Big rock 1,2819,1047
Big rock 1,2806,1007
Big rock 1,2793,955
Big rock 1,2767,872
Big rock 1,2779,908
Big rock 1,2790,859
Big rock 1,2791,834
Big rock 1,2757,825
Big rock 1,2561,1572
Big rock 1,2548,1621
Big rock 1,2563,1546
Big rock 1,2562,1507
Big rock 1,2558,1447
Big rock 1,2569,1406
Big rock 1,2576,1359
Big rock 1,2576,1292
Big rock 1,2574,1323
Big rock 1,2572,1253
Big rock 1,2546,1185
Big rock 1,2569,1199
Big rock 1,2553,1136
Big rock 1,2539,1095
Big rock 1,2546,1038
Big rock 1,2541,1068
Big rock 1,2550,989
Big rock 1,2530,931
Big rock 1,2549,966
Big rock 1,2548,933
Big rock 1,2555,887
Big rock 1,2512,889
Very big rock,2042,1628
Very big rock,2075,1722
Very big rock,1811,1578
Very big rock,1917,1581
Very big rock,1956,1688
Very big rock,1876,1625
Very big rock,1869,1496
Very big rock,1814,1632
Very big rock,1723,1556
Very big rock,1782,1497
Very big rock,1998,1397
Very big rock,1881,1405
Very big rock,1992,1477
Very big rock,2004,1594
Very big rock,2117,1627
Very big rock,2095,1530
Very big rock,2080,1303
Very big rock,2078,1427
Very big rock,2126,1098
Very big rock,1924,1035
Very big rock,1727,1441
Very big rock,1788,1414
Very big rock,1680,1497
Very big rock,1670,1567
Very big rock,1998,1271
Very big rock,1951,1426
Very big rock,1869,1339
Very big rock,1729,1354
Very big rock,1638,1378
Very big rock,1993,1307
Very big rock,1838,1296
Very big rock,2084,1370
Very big rock,2055,1297
Very big rock,1919,1229
Very big rock,1980,1094
Very big rock,2089,1198
Very big rock,2143,1001
Very big rock,2031,1169
Very big rock,2098,1072
Very big rock,2112,1002
Very big rock,1941,1138
Very big rock,2084,1013
Very big rock,1665,846
Very big rock,2176,894
Very big rock,2052,901
Very big rock,2025,1010
Very big rock,1827,1201
Very big rock,1730,1205
Very big rock,1634,1283
Very big rock,1755,1269
Very big rock,1852,1110
Very big rock,1734,1122
Very big rock,1639,1203
Very big rock,1602,1442
Very big rock,1585,1594
Very big rock,1499,1550
Very big rock,1549,1358
Very big rock,1401,1512
Very big rock,1566,1487
Very big rock,1449,1435
Very big rock,1375,1436
Very big rock,1283,1366
Very big rock,1458,1314
Very big rock,1385,1335
Very big rock,1580,1252
Very big rock,1639,1110
Very big rock,1612,1018
Very big rock,1821,1010
Very big rock,1718,1020
Very big rock,1897,981
Very big rock,2007,914
Very big rock,1938,900
Very big rock,1795,898
Very big rock,1716,871
Very big rock,1678,908
Very big rock,1844,891
Very big rock,1692,958
Very big rock,1560,937
Very big rock,1619,826
Very big rock,1495,809
Very big rock,1464,1222
Very big rock,1522,1150
Very big rock,1432,825
Very big rock,1387,656
Very big rock,1505,1043
Very big rock,1486,930
Very big rock,1433,897
Very big rock,1415,990
Very big rock,1404,744
Very big rock,1400,561
Very big rock,1386,805
Very big rock,1355,670
Very big rock,1363,792
Very big rock,1434,446
Very big rock,1347,553
Very big rock,1391,448
Very big rock,1351,546
Very big rock,1294,432
Rock 2,1248,445
Rock 2,1203,451
Rock 2,1187,455
Rock 2,1201,466
Rock 2,1233,823
Rock 2,1239,792
Rock 2,1248,771
Rock 2,1249,753
Rock 2,1238,737
Rock 2,1235,711
Rock 2,1243,719
Rock 2,1232,686
Rock 2,1230,656
Rock 2,1203,622
Rock 2,1207,592
Rock 2,1216,612
Rock 2,1218,638
Rock 2,1186,606
Rock 2,1172,531
Rock 2,1176,551
Rock 2,1181,509
Rock 2,1173,481
Rock 2,1167,434
Rock 2,1164,465
Rock 2,1143,433
Rock 2,1203,426
Rock 2,1261,438
Rock 2,1290,455
Rock 2,1312,429
Rock 2,1281,423
Rock 2,1240,439
Rock 2,1260,467
Rock 2,1191,429
Rock 2,1243,421
Rock 2,1835,464
Rock 2,1828,477
Rock 2,1796,491
Rock 2,1786,487
Rock 2,1767,463
Rock 2,1796,471
Rock 2,1863,467
Rock 2,1890,460
Rock 2,1928,446
Rock 2,1938,359
Rock 2,1916,311
Rock 2,1914,287
Rock 2,1918,178
Rock 2,1909,193
Rock 2,1899,210
Rock 2,1883,266
Rock 2,1895,232
Rock 2,1892,254
Rock 2,1881,276
Rock 2,1882,290
Rock 2,1886,308
Rock 2,1899,328
Rock 2,1906,347
Rock 2,1913,363
Rock 2,1912,391
Rock 2,1924,402
Rock 2,1909,443
Rock 2,1930,423
Rock 2,1909,414
Plant 1,1810,414
Plant 1,1801,407
Grass rock 1,1881,436
Grass rock 1,1848,444
Grass rock 1,1889,429
Grass rock 1,1884,432
Grass rock 1,1878,435
Grass rock 1,1862,439
Grass rock 1,1834,445
Grass rock 1,1808,443
Grass rock 1,1791,439
Grass rock 1,1765,438
Grass rock 1,1751,439
Point,1183,376
Point,1163,337
Point,1142,310
Mushroom,1425,390
Enemy 1,1512,374
Bridge,1624,441
Grass rock 2,1595,440
Grass rock 2,1586,432
Grass rock 2,1561,429
Grass rock 2,1542,427
Grass rock 2,1406,423
Grass rock 2,1431,423
Grass rock 2,1422,428
Grass rock 2,1397,421
Grass rock 2,1519,425
Grass rock 2,1501,425
Grass rock 2,1476,428
Grass rock 2,1449,424
Grass rock 2,1421,420
Grass rock 2,1407,421
Grass rock 2,1384,417
Grass rock 2,1363,411
Grass rock 2,1343,404
Grass rock 2,1319,399
Grass rock 2,1291,396
Grass rock 2,1272,397
Grass rock 2,1245,400
Grass rock 2,1138,411
Grass rock 2,1162,409
Grass rock 2,1226,397
Grass rock 2,1194,401
Grass rock 2,1202,398
Grass rock 2,1170,403
Rock 1,407,707
Rock 1,410,680
Rock 1,421,664
Rock 1,422,649
Rock 1,433,631
Very big rock,1373,992
Very big rock,1421,1017
Very big rock,1335,914
Very big rock,1404,1095
Very big rock,170,1062
Very big rock,184,1216
Very big rock,230,1161
Very big rock,271,1056
Very big rock,1405,1147
Very big rock,1338,1252
Very big rock,1267,1275
Very big rock,1276,1156
Very big rock,1326,1118
Very big rock,1283,1044
Very big rock,1245,998
Very big rock,1230,939
Very big rock,1240,870
Very big rock,1239,798
Very big rock,1248,723
Very big rock,1248,621
Very big rock,1229,542
Very big rock,1183,476
Very big rock,1180,416
Invisible block,924,424
Invisible block,928,413
Invisible block,942,410
Invisible block,906,409
Point,911,310
Point,847,280
Point,769,301
Big rock 2,165,-240
Big rock 2,99,-240
Big rock 2,-2,-279
Big rock 2,-220,-225
Big rock 2,-242,-177
Rock 1,325,475
Rock 1,362,527
Rock 1,306,647
Rock 1,329,719
Rock 1,322,811
Rock 1,359,886
Rock 1,359,865
Rock 1,334,868
Rock 1,366,968
Rock 1,376,1020
Rock 1,378,989
Rock 1,348,993
Rock 1,393,1015
Rock 1,404,973
Rock 1,414,1077
Rock 1,412,1053
Rock 1,408,1035
Rock 1,413,999
Rock 1,418,1021
Rock 1,404,939
Rock 1,410,978
Rock 1,412,958
Rock 1,411,895
Rock 1,415,865
Rock 1,405,832
Rock 1,408,850
Rock 1,410,911
Rock 1,382,930
Rock 1,347,917
Rock 1,315,842
Rock 1,316,540
Rock 1,355,578
Rock 1,358,610
Rock 1,326,588
Rock 1,308,620
Rock 1,373,643
Rock 1,341,664
Rock 1,369,704
Rock 1,362,767
Rock 1,388,802
Rock 1,367,839
Rock 1,383,867
Rock 1,404,833
Rock 1,386,865
Rock 1,403,783
Rock 1,411,812
Rock 1,402,765
Rock 1,401,739
Rock 1,380,679
Rock 1,376,734
Rock 1,351,694
Rock 1,375,609
Rock 1,377,563
Rock 1,404,573
Rock 1,418,600
Rock 1,405,630
Rock 1,406,679
Rock 1,388,761
Rock 1,397,711
Rock 1,395,654
Rock 1,445,560
Rock 1,441,609
Rock 1,440,582
Rock 1,446,546
Rock 1,103,-124
Rock 1,88,-24
Rock 1,75,-46
Rock 1,24,8
Rock 1,-23,156
Rock 1,16,90
Rock 1,-76,123
Rock 1,-84,234
Rock 1,-227,245
Rock 1,-68,401
Rock 1,-107,365
Rock 1,-141,472
Rock 1,-77,456
Rock 1,86,603
Rock 1,-61,562
Rock 1,1,555
Rock 1,403,597
Rock 1,350,638
Rock 1,312,579
Rock 1,234,597
Rock 1,262,654
Rock 1,192,593
Rock 1,178,570
Rock 1,155,551
Rock 1,115,-41
Rock 1,84,49
Rock 1,101,18
Rock 1,67,52
Rock 1,90,76
Rock 1,97,97
Rock 1,29,159
Rock 1,46,140
Rock 1,120,111
Rock 1,119,76
Rock 1,105,116
Rock 1,58,143
Rock 1,40,102
Rock 1,34,213
Rock 1,67,221
Rock 1,46,178
Rock 1,20,195
Rock 1,-17,221
Rock 1,-53,310
Rock 1,6,259
Rock 1,-32,266
Rock 1,-33,384
Rock 1,-36,429
Rock 1,-7,447
Rock 1,5,406
Rock 1,104,513
Rock 1,64,522
Rock 1,133,528
Rock 1,135,496
Rock 1,211,526
Rock 1,304,557
Rock 1,399,541
Rock 1,357,562
Rock 1,246,505
Rock 1,213,471
Rock 1,184,-139
Rock 1,153,-106
Rock 1,212,-182
Rock 1,213,-129
Rock 1,198,-68
Rock 1,205,-91
Rock 1,171,-85
Rock 1,161,-51
Rock 1,190,-36
Rock 1,139,-59
Rock 1,136,-28
Rock 1,78,93
Rock 1,125,20
Rock 1,111,57
Rock 1,26,201
Rock 1,103,170
Rock 1,77,163
Rock 1,92,192
Rock 1,107,144
Rock 1,89,230
Rock 1,13,247
Rock 1,-10,296
Rock 1,-35,349
Rock 1,34,274
Rock 1,7,351
Rock 1,1,309
Rock 1,1,291
Rock 1,59,248
Rock 1,75,209
Rock 1,37,244
Rock 1,359,560
Rock 1,349,515
Rock 1,285,568
Rock 1,279,541
Rock 1,236,505
Rock 1,215,543
Rock 1,154,458
Rock 1,169,510
Rock 1,105,486
Rock 1,111,534
Rock 1,73,482
Rock 1,41,509
Rock 1,164,536
Rock 1,-19,378
Rock 1,-50,327
Rock 1,36,314
Rock 1,27,345
Rock 1,47,273
Rock 1,44,369
Big rock 2,-46,154
Big rock 2,-102,279
Big rock 2,-237,363
Very big rock,-234,518
Very big rock,-109,-280
Very big rock,-188,-222
Very big rock,-65,-188
Very big rock,-179,-301
Very big rock,-31,-265
Very big rock,-255,-131
Very big rock,-172,-146
Very big rock,-113,-207
Very big rock,32,-216
Very big rock,-64,-125
Very big rock,-85,-9
Very big rock,-167,-56
Very big rock,-291,-34
Very big rock,-343,39
Very big rock,-215,39
Very big rock,-117,77
Very big rock,106,-203
Very big rock,88,-136
Very big rock,29,-98
Very big rock,18,10
Very big rock,2,95
Very big rock,-29,134
Very big rock,-149,165
Very big rock,-247,117
Very big rock,-356,164
Very big rock,-336,252
Very big rock,-146,271
Very big rock,-248,212
Very big rock,-77,159
Very big rock,-367,365
Very big rock,-417,504
Very big rock,-387,615
Very big rock,-417,614
Very big rock,-390,449
Very big rock,-385,306
Very big rock,-237,271
Very big rock,-60,263
Very big rock,-323,512
Very big rock,-293,388
Very big rock,-104,357
Very big rock,-199,336
Very big rock,-258,459
Very big rock,-153,446
Very big rock,-217,791
Very big rock,-105,855
Very big rock,-259,598
Very big rock,-173,544
Very big rock,-154,645
Very big rock,-132,718
Very big rock,-265,722
Very big rock,-62,738
Very big rock,-65,791
Very big rock,174,1005
Very big rock,23,834
Very big rock,304,1022
Very big rock,21,918
Very big rock,147,811
Very big rock,113,895
Very big rock,225,914
Very big rock,207,740
Very big rock,306,901
Very big rock,275,820
Very big rock,300,714
Very big rock,299,795
Very big rock,293,611
Very big rock,217,638
Very big rock,144,709
Very big rock,133,556
Very big rock,123,598
Very big rock,39,748
Very big rock,75,665
Very big rock,21,572
Very big rock,-51,644
Very big rock,-74,539
Very big rock,13,487
Rock 1,103,122
Rock 1,18,405
Rock 1,30,379
Rock 1,57,394
Rock 1,308,499
Rock 1,379,510
Rock 1,422,559
Rock 1,438,532
Rock 1,418,507
Rock 1,42,504
Rock 1,-16,452
Rock 1,57,381
Rock 1,-41,469
Rock 1,24,436
Rock 1,18,395
Rock 1,-1,430
Rock 1,73,439
Rock 1,52,433
Rock 1,24,462
Rock 1,32,500
Rock 1,-10,479
Rock 1,22,517
Rock 1,16,483
Rock 1,-10,509
Rock 1,48,465
Rock 1,-28,504
Rock 1,56,476
Rock 1,97,439
Rock 1,106,464
Rock 1,78,465
Rock 1,36,416
Rock 1,29,324
Rock 1,29,356
Rock 1,127,19
Rock 1,155,-16
Rock 1,147,-2
Rock 1,151,16
Rock 1,145,43
Rock 1,143,70
Rock 1,142,88
Rock 1,134,113
Rock 1,93,360
Rock 1,96,390
Rock 1,87,325
Rock 1,128,84
Rock 1,113,107
Rock 1,83,219
Rock 1,55,255
Rock 1,64,287
Rock 1,45,311
Rock 1,28,309
Rock 1,4,380
Rock 1,46,377
Rock 1,53,348
Rock 2,52,325
Rock 2,14,405
Rock 2,80,403
Rock 2,81,427
Rock 2,127,467
Rock 2,63,423
Rock 2,126,451
Rock 2,261,476
Rock 2,182,483
Rock 2,220,465
Rock 2,195,521
Rock 2,406,514
Rock 2,391,479
Rock 2,419,453
Rock 2,383,508
Rock 2,428,489
Rock 2,448,521
Rock 2,448,495
Rock 2,450,482
Rock 2,457,460
Rock 2,422,472
Rock 2,346,463
Rock 2,384,461
Rock 2,364,478
Rock 2,292,470
Rock 2,294,431
Rock 2,278,446
Rock 2,326,458
Rock 2,311,434
Rock 2,227,422
Rock 2,215,433
Rock 2,222,442
Rock 2,257,485
Rock 2,247,461
Rock 2,120,117
Rock 2,130,140
Rock 2,132,161
Big rock 2,94,478
Big rock 2,122,561
Big rock 2,191,571
Death,1203,591
Death,1186,590
Death,1240,586
Death,1225,588
Death,1184,590
Invisible block,759,362
Invisible block,781,346
Invisible block,764,346
Invisible block,742,346
Enemy 1,743,441
Enemy 1,651,492
Enemy 1,505,451
Plant 2,136,374
Rock 1,339,451
Rock 1,265,424
Rock 1,67,200
Rock 1,97,185
Rock 1,82,172
Rock 1,108,166
Rock 1,130,178
Rock 1,119,193
Rock 1,107,207
Rock 1,101,219
Rock 1,96,238
Rock 1,82,259
Rock 1,68,348
Rock 1,69,337
Rock 1,56,375
Rock 1,65,384
Rock 1,80,323
Rock 1,90,304
Rock 1,87,278
Rock 1,81,310
Rock 1,95,342
Rock 1,90,362
Rock 1,83,388
Rock 1,318,511
Rock 1,264,495
Rock 1,244,439
Rock 1,167,470
Rock 1,198,453
Grass rock 1,102,411
Grass rock 1,124,421
Grass rock 1,163,429
Grass rock 1,175,428
Grass rock 1,140,424
Grass rock 1,184,412
Grass rock 1,203,410
Grass rock 1,244,406
Grass rock 1,268,405
Grass rock 1,289,406
Grass rock 1,312,404
Grass rock 1,349,419
Grass rock 1,368,432
Grass rock 1,355,423
Grass rock 1,331,406
Grass rock 1,339,410
Grass rock 1,346,414
Grass rock 1,350,416
Grass rock 1,362,428
Grass rock 1,376,433
Grass rock 1,398,437
Grass rock 1,415,435
Grass rock 1,434,435
Grass rock 1,462,437
Mushroom,416,411
Point,529,369
Point,445,389
Point,395,386
Enemy 2,590,355
Invisible block,588,446
Invisible block,608,428
Invisible block,570,428
Invisible block,591,432
Player,207,340
Very big rock,237,410
Very big rock,200,415
Very big rock,234,465
Very big rock,139,447
Very big rock,236,511
Very big rock,331,513
Very big rock,343,440
Grass 1,4515,703
Grass 1,4470,702
Grass 1,4273,702
Grass 1,4327,698
Grass 2,4338,697
Grass 2,4406,699
Grass 2,4136,812
Grass 2,3903,933
Grass 2,3827,935
Grass 2,2912,1097
Grass 2,2997,1036
Grass 2,3015,1033
Grass 2,2832,797
Grass 2,2773,795
Grass 2,2520,862
Grass 2,2584,867
Grass 2,2562,859
Grass 2,2262,859
Grass 2,2286,857
Grass 2,2096,850
Grass 1,2127,866
Grass 1,2094,862
Grass 1,2067,856
Grass 1,1901,851
Grass 2,1889,848
Grass 2,1778,797
Grass 2,1555,771
Grass 1,1550,773
Grass 1,1570,778
Grass 1,1552,767
Grass 1,1814,418
Grass 2,1834,412
Grass 2,1862,418
Grass 2,1499,398
Grass 1,1487,401
Grass 1,1407,398
Grass 1,1393,399
Grass 1,1280,374
Grass 2,1296,369
Grass 2,1206,374
Grass 2,380,403
Grass 2,427,411
Grass 2,301,379
Grass 1,323,382
Grass 1,278,395
Grass 1,158,400
Grass 1,3198,734
Platform,4009,751
Platform,3856,814
Grass 2,3155,722
Grass 2,3410,714
Grass 2,3496,724
Grass 1,3624,752
Grass 1,3231,742
Grass 1,3320,725
Grass 1,3295,721
Platform,2996,835
Small tree,166,214
Platform,889,397
Platform,105,411
Platform,727,336
Platform,555,418
Big tree 1,423,-1546
Forest,-748,-858
